timestamp, index, temperature.gpu, temperature.memory, power.draw [W], power.limit [W], utilization.gpu [%], memory.used [MiB], pcie.link.gen.current, pcie.link.width.current
2026/09/27 12:48:26.735, 0, 41, 45, 40.74 W, 180.00 W, 0 %, 58136 MiB, 2, 16
2026/09/27 12:48:26.757, 1, 39, 51, 43.93 W, 180.00 W, 0 %, 59266 MiB, 2, 16
2026/09/27 12:48:26.775, 2, 41, 54, 40.71 W, 180.00 W, 0 %, 55982 MiB, 2, 16
2026/09/27 12:48:26.792, 3, 37, 50, 40.10 W, 180.00 W, 0 %, 60364 MiB, 2, 1
2026/09/27 12:48:27.809, 0, 42, 44, 58.00 W, 180.00 W, 100 %, 58140 MiB, 2, 16
2026/09/27 12:48:27.810, 1, 40, 52, 73.49 W, 180.00 W, 100 %, 59270 MiB, 2, 16
2026/09/27 12:48:27.810, 2, 42, 53, 58.79 W, 180.00 W, 100 %, 55986 MiB, 2, 16
2026/09/27 12:48:27.810, 3, 38, 51, 57.90 W, 180.00 W, 14 %, 60368 MiB, 2, 1
2026/09/27 12:48:28.811, 0, 43, 46, 79.11 W, 180.00 W, 100 %, 58140 MiB, 2, 16
2026/09/27 12:48:28.811, 1, 42, 52, 125.23 W, 180.00 W, 100 %, 59270 MiB, 2, 16
2026/09/27 12:48:28.811, 2, 43, 54, 119.82 W, 180.00 W, 100 %, 55986 MiB, 2, 16
2026/09/27 12:48:28.812, 3, 38, 50, 105.37 W, 180.00 W, 0 %, 60368 MiB, 2, 1
2026/09/27 12:48:29.812, 0, 43, 48, 132.60 W, 180.00 W, 100 %, 58140 MiB, 2, 16
2026/09/27 12:48:29.813, 1, 43, 53, 121.70 W, 180.00 W, 100 %, 59270 MiB, 2, 16
2026/09/27 12:48:29.813, 2, 44, 55, 95.50 W, 180.00 W, 100 %, 55986 MiB, 2, 16
2026/09/27 12:48:29.813, 3, 40, 51, 89.62 W, 180.00 W, 100 %, 60368 MiB, 2, 1
2026/09/27 12:48:30.814, 0, 44, 46, 80.40 W, 180.00 W, 100 %, 58140 MiB, 2, 16
2026/09/27 12:48:30.814, 1, 44, 55, 163.76 W, 180.00 W, 100 %, 59270 MiB, 2, 16
2026/09/27 12:48:30.814, 2, 44, 56, 118.41 W, 180.00 W, 100 %, 55986 MiB, 2, 16
2026/09/27 12:48:30.815, 3, 41, 52, 152.06 W, 180.00 W, 100 %, 60368 MiB, 2, 1
2026/09/27 12:48:31.815, 0, 44, 48, 81.54 W, 180.00 W, 100 %, 58140 MiB, 2, 16
2026/09/27 12:48:31.816, 1, 44, 54, 149.70 W, 180.00 W, 100 %, 59270 MiB, 2, 16
2026/09/27 12:48:31.816, 2, 44, 56, 133.76 W, 180.00 W, 100 %, 55986 MiB, 2, 16
2026/09/27 12:48:31.816, 3, 41, 54, 157.92 W, 180.00 W, 100 %, 60368 MiB, 2, 1
2026/09/27 12:48:32.819, 0, 44, 47, 121.22 W, 180.00 W, 100 %, 58140 MiB, 2, 16
2026/09/27 12:48:32.819, 1, 44, 55, 127.97 W, 180.00 W, 100 %, 59270 MiB, 2, 16
2026/09/27 12:48:32.819, 2, 44, 57, 106.15 W, 180.00 W, 100 %, 55986 MiB, 2, 16
2026/09/27 12:48:32.820, 3, 41, 53, 87.63 W, 180.00 W, 100 %, 60368 MiB, 2, 1
2026/09/27 12:48:33.820, 0, 44, 48, 87.02 W, 180.00 W, 100 %, 58140 MiB, 2, 16
2026/09/27 12:48:33.821, 1, 44, 55, 122.13 W, 180.00 W, 100 %, 59270 MiB, 2, 16
2026/09/27 12:48:33.821, 2, 44, 56, 128.43 W, 180.00 W, 100 %, 55986 MiB, 2, 16
2026/09/27 12:48:33.821, 3, 41, 53, 123.61 W, 180.00 W, 100 %, 60368 MiB, 2, 1
2026/09/27 12:48:34.822, 0, 44, 47, 92.33 W, 180.00 W, 100 %, 58140 MiB, 2, 16
2026/09/27 12:48:34.822, 1, 45, 55, 168.58 W, 180.00 W, 100 %, 59270 MiB, 2, 16
2026/09/27 12:48:34.822, 2, 45, 56, 115.04 W, 180.00 W, 100 %, 55986 MiB, 2, 16
2026/09/27 12:48:34.823, 3, 42, 53, 133.08 W, 180.00 W, 100 %, 60368 MiB, 2, 1
2026/09/27 12:48:35.824, 0, 45, 47, 80.12 W, 180.00 W, 100 %, 58140 MiB, 2, 16
2026/09/27 12:48:35.824, 1, 44, 54, 153.95 W, 180.00 W, 100 %, 59270 MiB, 2, 16
2026/09/27 12:48:35.825, 2, 45, 56, 122.75 W, 180.00 W, 100 %, 55986 MiB, 2, 16
2026/09/27 12:48:35.825, 3, 42, 53, 102.63 W, 180.00 W, 100 %, 60368 MiB, 2, 1
2026/09/27 12:48:36.826, 0, 45, 48, 109.66 W, 180.00 W, 100 %, 58140 MiB, 2, 16
2026/09/27 12:48:36.826, 1, 45, 54, 108.19 W, 180.00 W, 100 %, 59270 MiB, 2, 16
2026/09/27 12:48:36.826, 2, 45, 58, 84.07 W, 180.00 W, 100 %, 55986 MiB, 2, 16
2026/09/27 12:48:36.827, 3, 42, 55, 164.68 W, 180.00 W, 100 %, 60368 MiB, 2, 1
2026/09/27 12:48:37.827, 0, 45, 48, 129.55 W, 180.00 W, 100 %, 58140 MiB, 2, 16
2026/09/27 12:48:37.827, 1, 45, 56, 119.85 W, 180.00 W, 100 %, 59270 MiB, 2, 16
2026/09/27 12:48:37.828, 2, 45, 58, 89.49 W, 180.00 W, 100 %, 55986 MiB, 2, 16
2026/09/27 12:48:37.828, 3, 43, 54, 129.25 W, 180.00 W, 100 %, 60368 MiB, 2, 1
2026/09/27 12:48:38.828, 0, 45, 49, 87.88 W, 180.00 W, 79 %, 58140 MiB, 2, 16
2026/09/27 12:48:38.829, 1, 45, 55, 93.51 W, 180.00 W, 100 %, 59270 MiB, 2, 16
2026/09/27 12:48:38.829, 2, 46, 57, 113.32 W, 180.00 W, 100 %, 55986 MiB, 2, 16
2026/09/27 12:48:38.829, 3, 43, 54, 128.79 W, 180.00 W, 97 %, 60368 MiB, 2, 1
2026/09/27 12:48:39.830, 0, 45, 48, 127.42 W, 180.00 W, 100 %, 58140 MiB, 2, 16
2026/09/27 12:48:39.830, 1, 46, 54, 130.39 W, 180.00 W, 100 %, 59270 MiB, 2, 16
2026/09/27 12:48:39.831, 2, 46, 57, 103.05 W, 180.00 W, 100 %, 55986 MiB, 2, 16
2026/09/27 12:48:39.831, 3, 43, 55, 97.95 W, 180.00 W, 100 %, 60368 MiB, 2, 1
2026/09/27 12:48:40.831, 0, 46, 49, 89.71 W, 180.00 W, 100 %, 58140 MiB, 2, 16
2026/09/27 12:48:40.832, 1, 46, 56, 145.31 W, 180.00 W, 100 %, 59270 MiB, 2, 16
2026/09/27 12:48:40.832, 2, 46, 56, 109.46 W, 180.00 W, 100 %, 55986 MiB, 2, 16
2026/09/27 12:48:40.832, 3, 43, 54, 89.54 W, 180.00 W, 100 %, 60368 MiB, 2, 1
2026/09/27 12:48:41.833, 0, 46, 48, 107.94 W, 180.00 W, 87 %, 58140 MiB, 2, 16
2026/09/27 12:48:41.833, 1, 45, 53, 90.10 W, 180.00 W, 85 %, 59270 MiB, 2, 16
2026/09/27 12:48:41.833, 2, 46, 57, 77.89 W, 180.00 W, 85 %, 55986 MiB, 2, 16
2026/09/27 12:48:41.834, 3, 43, 54, 121.05 W, 180.00 W, 84 %, 60368 MiB, 2, 1
2026/09/27 12:48:42.834, 0, 46, 49, 92.59 W, 180.00 W, 100 %, 58140 MiB, 2, 16
2026/09/27 12:48:42.835, 1, 46, 56, 93.71 W, 180.00 W, 100 %, 59270 MiB, 2, 16
2026/09/27 12:48:42.835, 2, 46, 57, 113.02 W, 180.00 W, 100 %, 55986 MiB, 2, 16
2026/09/27 12:48:42.835, 3, 43, 54, 86.26 W, 180.00 W, 100 %, 60368 MiB, 2, 1
2026/09/27 12:48:43.836, 0, 46, 49, 109.92 W, 180.00 W, 100 %, 58140 MiB, 2, 16
2026/09/27 12:48:43.836, 1, 46, 54, 102.39 W, 180.00 W, 100 %, 59270 MiB, 2, 16
2026/09/27 12:48:43.836, 2, 46, 59, 90.86 W, 180.00 W, 100 %, 55986 MiB, 2, 16
2026/09/27 12:48:43.837, 3, 43, 54, 93.68 W, 180.00 W, 100 %, 60368 MiB, 2, 1
2026/09/27 12:48:44.837, 0, 46, 49, 113.04 W, 180.00 W, 100 %, 58140 MiB, 2, 16
2026/09/27 12:48:44.838, 1, 46, 55, 107.61 W, 180.00 W, 100 %, 59270 MiB, 2, 16
2026/09/27 12:48:44.838, 2, 46, 57, 83.42 W, 180.00 W, 99 %, 55986 MiB, 2, 16
2026/09/27 12:48:44.838, 3, 43, 55, 92.42 W, 180.00 W, 100 %, 60368 MiB, 2, 1
2026/09/27 12:48:45.839, 0, 46, 50, 120.54 W, 180.00 W, 93 %, 58142 MiB, 2, 16
2026/09/27 12:48:45.839, 1, 46, 55, 135.43 W, 180.00 W, 100 %, 59272 MiB, 2, 16
2026/09/27 12:48:45.839, 2, 46, 58, 102.31 W, 180.00 W, 100 %, 55988 MiB, 2, 16
2026/09/27 12:48:45.840, 3, 44, 54, 153.62 W, 180.00 W, 98 %, 60368 MiB, 2, 1
2026/09/27 12:48:46.840, 0, 46, 50, 145.89 W, 180.00 W, 100 %, 58142 MiB, 2, 16
2026/09/27 12:48:46.840, 1, 46, 55, 124.03 W, 180.00 W, 100 %, 59272 MiB, 2, 16
2026/09/27 12:48:46.841, 2, 46, 59, 97.56 W, 180.00 W, 100 %, 55988 MiB, 2, 16
2026/09/27 12:48:46.841, 3, 44, 55, 129.13 W, 180.00 W, 100 %, 60368 MiB, 2, 1
2026/09/27 12:48:47.841, 0, 46, 50, 95.10 W, 180.00 W, 100 %, 58142 MiB, 2, 16
2026/09/27 12:48:47.842, 1, 46, 57, 135.19 W, 180.00 W, 100 %, 59272 MiB, 2, 16
2026/09/27 12:48:47.842, 2, 47, 58, 106.39 W, 180.00 W, 100 %, 55988 MiB, 2, 16
2026/09/27 12:48:47.843, 3, 44, 56, 153.11 W, 180.00 W, 100 %, 60368 MiB, 2, 1
2026/09/27 12:48:48.843, 0, 47, 49, 95.29 W, 180.00 W, 100 %, 58142 MiB, 2, 16
2026/09/27 12:48:48.844, 1, 47, 57, 88.59 W, 180.00 W, 100 %, 59272 MiB, 2, 16
2026/09/27 12:48:48.844, 2, 47, 58, 118.35 W, 180.00 W, 100 %, 55988 MiB, 2, 16
2026/09/27 12:48:48.845, 3, 44, 55, 125.72 W, 180.00 W, 100 %, 60368 MiB, 2, 1
2026/09/27 12:48:49.845, 0, 47, 51, 112.20 W, 180.00 W, 100 %, 58142 MiB, 2, 16
2026/09/27 12:48:49.845, 1, 47, 57, 97.61 W, 180.00 W, 100 %, 59272 MiB, 2, 16
2026/09/27 12:48:49.846, 2, 47, 57, 81.35 W, 180.00 W, 100 %, 55988 MiB, 2, 16
2026/09/27 12:48:49.846, 3, 44, 55, 152.07 W, 180.00 W, 100 %, 60368 MiB, 2, 1
2026/09/27 12:48:50.846, 0, 47, 50, 113.56 W, 180.00 W, 100 %, 58142 MiB, 2, 16
2026/09/27 12:48:50.847, 1, 46, 57, 94.78 W, 180.00 W, 100 %, 59272 MiB, 2, 16
2026/09/27 12:48:50.847, 2, 47, 59, 79.44 W, 180.00 W, 100 %, 55988 MiB, 2, 16
2026/09/27 12:48:50.847, 3, 45, 56, 142.14 W, 180.00 W, 100 %, 60368 MiB, 2, 1
2026/09/27 12:48:51.848, 0, 47, 50, 82.92 W, 180.00 W, 100 %, 58142 MiB, 2, 16
2026/09/27 12:48:51.848, 1, 47, 56, 157.48 W, 180.00 W, 100 %, 59272 MiB, 2, 16
2026/09/27 12:48:51.849, 2, 47, 58, 130.30 W, 180.00 W, 100 %, 55988 MiB, 2, 16
2026/09/27 12:48:51.849, 3, 45, 56, 102.35 W, 180.00 W, 100 %, 60368 MiB, 2, 1
2026/09/27 12:48:52.849, 0, 47, 49, 117.43 W, 180.00 W, 100 %, 58142 MiB, 2, 16
2026/09/27 12:48:52.850, 1, 47, 57, 96.59 W, 180.00 W, 99 %, 59272 MiB, 2, 16
2026/09/27 12:48:52.850, 2, 47, 59, 79.08 W, 180.00 W, 99 %, 55988 MiB, 2, 16
2026/09/27 12:48:52.850, 3, 45, 56, 139.35 W, 180.00 W, 99 %, 60368 MiB, 2, 1
2026/09/27 12:48:53.851, 0, 47, 50, 103.03 W, 180.00 W, 100 %, 58142 MiB, 2, 16
2026/09/27 12:48:53.851, 1, 47, 57, 90.22 W, 180.00 W, 100 %, 59272 MiB, 2, 16
2026/09/27 12:48:53.851, 2, 47, 58, 107.86 W, 180.00 W, 100 %, 55988 MiB, 2, 16
2026/09/27 12:48:53.852, 3, 45, 55, 125.89 W, 180.00 W, 100 %, 60368 MiB, 2, 1
2026/09/27 12:48:54.852, 0, 48, 50, 135.21 W, 180.00 W, 100 %, 58142 MiB, 2, 16
2026/09/27 12:48:54.853, 1, 47, 57, 120.37 W, 180.00 W, 100 %, 59272 MiB, 2, 16
2026/09/27 12:48:54.853, 2, 47, 58, 100.68 W, 180.00 W, 100 %, 55988 MiB, 2, 16
2026/09/27 12:48:54.853, 3, 45, 57, 122.44 W, 180.00 W, 100 %, 60368 MiB, 2, 1
2026/09/27 12:48:55.853, 0, 48, 51, 81.43 W, 180.00 W, 100 %, 58142 MiB, 2, 16
2026/09/27 12:48:55.854, 1, 47, 58, 172.52 W, 180.00 W, 100 %, 59272 MiB, 2, 16
2026/09/27 12:48:55.854, 2, 48, 60, 129.81 W, 180.00 W, 100 %, 55988 MiB, 2, 16
2026/09/27 12:48:55.854, 3, 45, 56, 99.21 W, 180.00 W, 100 %, 60368 MiB, 2, 1
2026/09/27 12:48:56.855, 0, 48, 50, 84.45 W, 180.00 W, 100 %, 58142 MiB, 2, 16
2026/09/27 12:48:56.855, 1, 47, 56, 141.70 W, 180.00 W, 100 %, 59272 MiB, 2, 16
2026/09/27 12:48:56.856, 2, 48, 59, 108.44 W, 180.00 W, 100 %, 55988 MiB, 2, 16
2026/09/27 12:48:56.856, 3, 45, 56, 90.39 W, 180.00 W, 100 %, 60368 MiB, 2, 1
2026/09/27 12:48:57.856, 0, 48, 51, 84.94 W, 180.00 W, 100 %, 58142 MiB, 2, 16
2026/09/27 12:48:57.857, 1, 47, 56, 163.61 W, 180.00 W, 100 %, 59272 MiB, 2, 16
2026/09/27 12:48:57.857, 2, 48, 59, 120.08 W, 180.00 W, 100 %, 55988 MiB, 2, 16
2026/09/27 12:48:57.857, 3, 45, 56, 101.42 W, 180.00 W, 100 %, 60368 MiB, 2, 1
2026/09/27 12:48:58.858, 0, 48, 51, 145.09 W, 180.00 W, 100 %, 58142 MiB, 2, 16
2026/09/27 12:48:58.858, 1, 47, 57, 100.91 W, 180.00 W, 100 %, 59272 MiB, 2, 16
2026/09/27 12:48:58.858, 2, 48, 60, 85.75 W, 180.00 W, 100 %, 55988 MiB, 2, 16
2026/09/27 12:48:58.859, 3, 45, 56, 155.64 W, 180.00 W, 100 %, 60368 MiB, 2, 1
2026/09/27 12:48:59.859, 0, 48, 50, 129.57 W, 180.00 W, 100 %, 58142 MiB, 2, 16
2026/09/27 12:48:59.860, 1, 48, 56, 100.22 W, 180.00 W, 100 %, 59272 MiB, 2, 16
2026/09/27 12:48:59.860, 2, 48, 60, 81.70 W, 180.00 W, 100 %, 55988 MiB, 2, 16
2026/09/27 12:48:59.860, 3, 46, 57, 150.48 W, 180.00 W, 100 %, 60368 MiB, 2, 1
2026/09/27 12:49:00.861, 0, 48, 51, 152.58 W, 180.00 W, 100 %, 58142 MiB, 2, 16
2026/09/27 12:49:00.861, 1, 48, 57, 96.26 W, 180.00 W, 100 %, 59272 MiB, 2, 16
2026/09/27 12:49:00.862, 2, 48, 60, 83.85 W, 180.00 W, 100 %, 55988 MiB, 2, 16
2026/09/27 12:49:00.862, 3, 46, 57, 141.54 W, 180.00 W, 100 %, 60368 MiB, 2, 1
2026/09/27 12:49:01.862, 0, 48, 51, 85.50 W, 180.00 W, 100 %, 58142 MiB, 2, 16
2026/09/27 12:49:01.863, 1, 48, 57, 152.88 W, 180.00 W, 100 %, 59272 MiB, 2, 16
2026/09/27 12:49:01.863, 2, 48, 59, 112.78 W, 180.00 W, 100 %, 55988 MiB, 2, 16
2026/09/27 12:49:01.863, 3, 46, 55, 114.03 W, 180.00 W, 100 %, 60368 MiB, 2, 1
2026/09/27 12:49:02.864, 0, 48, 50, 82.14 W, 180.00 W, 93 %, 58142 MiB, 2, 16
2026/09/27 12:49:02.864, 1, 48, 57, 77.60 W, 180.00 W, 100 %, 59272 MiB, 2, 16
2026/09/27 12:49:02.864, 2, 48, 59, 63.49 W, 180.00 W, 100 %, 55988 MiB, 2, 16
2026/09/27 12:49:02.865, 3, 46, 55, 147.18 W, 180.00 W, 100 %, 60368 MiB, 2, 1
2026/09/27 12:49:03.865, 0, 48, 51, 85.78 W, 180.00 W, 100 %, 58142 MiB, 2, 16
2026/09/27 12:49:03.867, 1, 48, 56, 150.69 W, 180.00 W, 100 %, 59272 MiB, 2, 16
2026/09/27 12:49:03.868, 2, 48, 60, 130.40 W, 180.00 W, 100 %, 55988 MiB, 2, 16
2026/09/27 12:49:03.868, 3, 46, 57, 157.71 W, 180.00 W, 100 %, 60368 MiB, 2, 1
2026/09/27 12:49:04.868, 0, 49, 51, 84.21 W, 180.00 W, 100 %, 58142 MiB, 2, 16
2026/09/27 12:49:04.869, 1, 48, 58, 90.99 W, 180.00 W, 100 %, 59272 MiB, 2, 16
2026/09/27 12:49:04.869, 2, 48, 59, 79.26 W, 180.00 W, 100 %, 55988 MiB, 2, 16
2026/09/27 12:49:04.870, 3, 46, 58, 95.51 W, 180.00 W, 100 %, 60368 MiB, 2, 1
2026/09/27 12:49:05.870, 0, 49, 51, 111.50 W, 180.00 W, 100 %, 58142 MiB, 2, 16
2026/09/27 12:49:05.870, 1, 48, 57, 103.19 W, 180.00 W, 100 %, 59272 MiB, 2, 16
2026/09/27 12:49:05.871, 2, 48, 60, 91.43 W, 180.00 W, 100 %, 55988 MiB, 2, 16
2026/09/27 12:49:05.871, 3, 47, 57, 121.74 W, 180.00 W, 100 %, 60368 MiB, 2, 1
2026/09/27 12:49:06.872, 0, 49, 51, 126.75 W, 180.00 W, 100 %, 58142 MiB, 2, 16
2026/09/27 12:49:06.872, 1, 48, 57, 162.61 W, 180.00 W, 100 %, 59272 MiB, 2, 16
2026/09/27 12:49:06.872, 2, 48, 60, 133.22 W, 180.00 W, 100 %, 55988 MiB, 2, 16
2026/09/27 12:49:06.873, 3, 47, 58, 151.14 W, 180.00 W, 100 %, 60368 MiB, 2, 1
2026/09/27 12:49:07.873, 0, 49, 52, 82.79 W, 180.00 W, 100 %, 58142 MiB, 2, 16
2026/09/27 12:49:07.874, 1, 48, 56, 75.58 W, 180.00 W, 96 %, 59272 MiB, 2, 16
2026/09/27 12:49:07.874, 2, 48, 59, 87.99 W, 180.00 W, 96 %, 55988 MiB, 2, 16
2026/09/27 12:49:07.874, 3, 46, 56, 160.56 W, 180.00 W, 96 %, 60368 MiB, 2, 1
2026/09/27 12:49:08.874, 0, 49, 51, 115.78 W, 180.00 W, 100 %, 58142 MiB, 2, 16
2026/09/27 12:49:08.875, 1, 48, 58, 110.28 W, 180.00 W, 100 %, 59272 MiB, 2, 16
2026/09/27 12:49:08.875, 2, 49, 60, 96.48 W, 180.00 W, 100 %, 55988 MiB, 2, 16
2026/09/27 12:49:08.875, 3, 47, 58, 166.35 W, 180.00 W, 100 %, 60368 MiB, 2, 1
2026/09/27 12:49:09.876, 0, 49, 51, 133.17 W, 180.00 W, 100 %, 58142 MiB, 2, 16
2026/09/27 12:49:09.876, 1, 49, 58, 143.95 W, 180.00 W, 100 %, 59272 MiB, 2, 16
2026/09/27 12:49:09.877, 2, 49, 60, 112.62 W, 180.00 W, 100 %, 55988 MiB, 2, 16
2026/09/27 12:49:09.877, 3, 47, 58, 89.70 W, 180.00 W, 100 %, 60368 MiB, 2, 1
2026/09/27 12:49:10.879, 0, 49, 53, 89.40 W, 180.00 W, 100 %, 58142 MiB, 2, 16
2026/09/27 12:49:10.879, 1, 49, 57, 92.37 W, 180.00 W, 100 %, 59272 MiB, 2, 16
2026/09/27 12:49:10.880, 2, 49, 60, 91.88 W, 180.00 W, 100 %, 55988 MiB, 2, 16
2026/09/27 12:49:10.880, 3, 47, 58, 122.66 W, 180.00 W, 100 %, 60368 MiB, 2, 1
2026/09/27 12:49:11.881, 0, 49, 52, 126.21 W, 180.00 W, 100 %, 58142 MiB, 2, 16
2026/09/27 12:49:11.881, 1, 49, 57, 122.74 W, 180.00 W, 100 %, 59272 MiB, 2, 16
2026/09/27 12:49:11.882, 2, 49, 61, 101.06 W, 180.00 W, 100 %, 55988 MiB, 2, 16
2026/09/27 12:49:11.882, 3, 47, 58, 149.40 W, 180.00 W, 100 %, 60368 MiB, 2, 1
2026/09/27 12:49:12.882, 0, 49, 53, 132.24 W, 180.00 W, 100 %, 58142 MiB, 2, 16
2026/09/27 12:49:12.883, 1, 49, 58, 168.84 W, 180.00 W, 100 %, 59272 MiB, 2, 16
2026/09/27 12:49:12.883, 2, 49, 60, 125.86 W, 180.00 W, 100 %, 55988 MiB, 2, 16
2026/09/27 12:49:12.883, 3, 47, 58, 93.50 W, 180.00 W, 100 %, 60368 MiB, 2, 1
2026/09/27 12:49:13.884, 0, 50, 51, 90.56 W, 180.00 W, 100 %, 58142 MiB, 2, 16
2026/09/27 12:49:13.884, 1, 49, 58, 96.36 W, 180.00 W, 100 %, 59272 MiB, 2, 16
2026/09/27 12:49:13.885, 2, 49, 60, 80.36 W, 180.00 W, 100 %, 55988 MiB, 2, 16
2026/09/27 12:49:13.885, 3, 47, 58, 120.82 W, 180.00 W, 100 %, 60368 MiB, 2, 1
2026/09/27 12:49:14.885, 0, 50, 52, 123.86 W, 180.00 W, 100 %, 58142 MiB, 2, 16
2026/09/27 12:49:14.886, 1, 49, 59, 114.54 W, 180.00 W, 100 %, 59272 MiB, 2, 16
2026/09/27 12:49:14.886, 2, 49, 61, 96.18 W, 180.00 W, 100 %, 55988 MiB, 2, 16
2026/09/27 12:49:14.886, 3, 47, 58, 160.79 W, 180.00 W, 100 %, 60368 MiB, 2, 1
2026/09/27 12:49:15.887, 0, 50, 53, 81.49 W, 180.00 W, 100 %, 58142 MiB, 2, 16
2026/09/27 12:49:15.887, 1, 49, 58, 125.57 W, 180.00 W, 100 %, 59272 MiB, 2, 16
2026/09/27 12:49:15.890, 2, 49, 60, 136.52 W, 180.00 W, 100 %, 55988 MiB, 2, 16
2026/09/27 12:49:15.890, 3, 47, 58, 98.19 W, 180.00 W, 100 %, 60368 MiB, 2, 1
2026/09/27 12:49:16.891, 0, 50, 52, 105.37 W, 180.00 W, 100 %, 58142 MiB, 2, 16
2026/09/27 12:49:16.891, 1, 49, 58, 86.51 W, 180.00 W, 100 %, 59272 MiB, 2, 16
2026/09/27 12:49:16.891, 2, 49, 61, 86.69 W, 180.00 W, 100 %, 55988 MiB, 2, 16
2026/09/27 12:49:16.892, 3, 48, 59, 132.23 W, 180.00 W, 100 %, 60368 MiB, 2, 1
2026/09/27 12:49:17.892, 0, 50, 52, 148.80 W, 180.00 W, 100 %, 58142 MiB, 2, 16
2026/09/27 12:49:17.893, 1, 49, 59, 98.80 W, 180.00 W, 100 %, 59272 MiB, 2, 16
2026/09/27 12:49:17.893, 2, 49, 60, 105.92 W, 180.00 W, 100 %, 55988 MiB, 2, 16
2026/09/27 12:49:17.893, 3, 48, 58, 146.97 W, 180.00 W, 100 %, 60368 MiB, 2, 1
2026/09/27 12:49:18.894, 0, 50, 53, 96.55 W, 180.00 W, 100 %, 58142 MiB, 2, 16
2026/09/27 12:49:18.894, 1, 49, 59, 116.20 W, 180.00 W, 100 %, 59272 MiB, 2, 16
2026/09/27 12:49:18.895, 2, 49, 61, 146.59 W, 180.00 W, 100 %, 55988 MiB, 2, 16
2026/09/27 12:49:18.895, 3, 48, 57, 93.22 W, 180.00 W, 100 %, 60368 MiB, 2, 1
2026/09/27 12:49:19.895, 0, 50, 53, 99.61 W, 180.00 W, 100 %, 58142 MiB, 2, 16
2026/09/27 12:49:19.896, 1, 49, 58, 158.34 W, 180.00 W, 100 %, 59272 MiB, 2, 16
2026/09/27 12:49:19.896, 2, 49, 61, 86.45 W, 180.00 W, 100 %, 55988 MiB, 2, 16
2026/09/27 12:49:19.896, 3, 48, 58, 131.27 W, 180.00 W, 100 %, 60368 MiB, 2, 1
2026/09/27 12:49:20.897, 0, 50, 53, 81.56 W, 180.00 W, 100 %, 58142 MiB, 2, 16
2026/09/27 12:49:20.898, 1, 49, 58, 131.02 W, 180.00 W, 100 %, 59272 MiB, 2, 16
2026/09/27 12:49:20.898, 2, 50, 60, 106.45 W, 180.00 W, 100 %, 55988 MiB, 2, 16
2026/09/27 12:49:20.898, 3, 48, 57, 130.08 W, 180.00 W, 100 %, 60368 MiB, 2, 1
2026/09/27 12:49:21.899, 0, 50, 52, 97.21 W, 180.00 W, 91 %, 58142 MiB, 2, 16
2026/09/27 12:49:21.899, 1, 49, 58, 146.08 W, 180.00 W, 100 %, 59272 MiB, 2, 16
2026/09/27 12:49:21.899, 2, 50, 61, 108.61 W, 180.00 W, 100 %, 55988 MiB, 2, 16
2026/09/27 12:49:21.899, 3, 48, 58, 100.53 W, 180.00 W, 99 %, 60368 MiB, 2, 1
2026/09/27 12:49:22.900, 0, 50, 54, 135.71 W, 180.00 W, 100 %, 58142 MiB, 2, 16
2026/09/27 12:49:22.900, 1, 50, 58, 99.02 W, 180.00 W, 100 %, 59272 MiB, 2, 16
2026/09/27 12:49:22.901, 2, 50, 61, 111.14 W, 180.00 W, 100 %, 55988 MiB, 2, 16
2026/09/27 12:49:22.901, 3, 48, 59, 132.46 W, 180.00 W, 100 %, 60368 MiB, 2, 1
2026/09/27 12:49:23.901, 0, 50, 52, 101.00 W, 180.00 W, 100 %, 58142 MiB, 2, 16
2026/09/27 12:49:23.902, 1, 50, 60, 119.37 W, 180.00 W, 100 %, 59272 MiB, 2, 16
2026/09/27 12:49:23.902, 2, 50, 61, 127.27 W, 180.00 W, 100 %, 55988 MiB, 2, 16
2026/09/27 12:49:23.902, 3, 48, 58, 168.59 W, 180.00 W, 100 %, 60368 MiB, 2, 1
2026/09/27 12:49:24.903, 0, 51, 54, 100.98 W, 180.00 W, 100 %, 58142 MiB, 2, 16
2026/09/27 12:49:24.903, 1, 50, 59, 148.71 W, 180.00 W, 100 %, 59272 MiB, 2, 16
2026/09/27 12:49:24.904, 2, 50, 61, 86.37 W, 180.00 W, 100 %, 55988 MiB, 2, 16
2026/09/27 12:49:24.907, 3, 48, 58, 96.69 W, 180.00 W, 100 %, 60368 MiB, 2, 1
2026/09/27 12:49:25.907, 0, 51, 52, 150.24 W, 180.00 W, 100 %, 58142 MiB, 2, 16
2026/09/27 12:49:25.908, 1, 50, 60, 99.44 W, 180.00 W, 100 %, 59272 MiB, 2, 16
2026/09/27 12:49:25.908, 2, 50, 61, 84.55 W, 180.00 W, 100 %, 55988 MiB, 2, 16
2026/09/27 12:49:25.909, 3, 48, 58, 153.85 W, 180.00 W, 100 %, 60368 MiB, 2, 1
2026/09/27 12:49:26.910, 0, 50, 53, 138.35 W, 180.00 W, 100 %, 58142 MiB, 2, 16
2026/09/27 12:49:26.910, 1, 49, 59, 105.11 W, 180.00 W, 87 %, 59272 MiB, 2, 16
2026/09/27 12:49:26.910, 2, 49, 59, 89.74 W, 180.00 W, 100 %, 55988 MiB, 2, 16
2026/09/27 12:49:26.911, 3, 48, 59, 124.08 W, 180.00 W, 100 %, 60368 MiB, 2, 1
2026/09/27 12:49:27.911, 0, 52, 56, 187.00 W, 180.00 W, 100 %, 58264 MiB, 2, 16
2026/09/27 12:49:27.911, 1, 52, 60, 193.51 W, 180.00 W, 100 %, 59374 MiB, 2, 16
2026/09/27 12:49:27.912, 2, 52, 64, 189.03 W, 180.00 W, 100 %, 56092 MiB, 2, 16
2026/09/27 12:49:27.913, 3, 50, 61, 183.32 W, 180.00 W, 100 %, 60430 MiB, 2, 1
2026/09/27 12:49:28.914, 0, 53, 57, 163.55 W, 180.00 W, 100 %, 58264 MiB, 2, 16
2026/09/27 12:49:28.914, 1, 52, 61, 190.75 W, 180.00 W, 100 %, 59374 MiB, 2, 16
2026/09/27 12:49:28.915, 2, 53, 65, 173.99 W, 180.00 W, 100 %, 56092 MiB, 2, 16
2026/09/27 12:49:28.915, 3, 50, 63, 171.91 W, 180.00 W, 100 %, 60430 MiB, 2, 1
2026/09/27 12:49:29.916, 0, 54, 58, 182.13 W, 180.00 W, 100 %, 58264 MiB, 2, 16
2026/09/27 12:49:29.916, 1, 53, 62, 153.32 W, 180.00 W, 100 %, 59374 MiB, 2, 16
2026/09/27 12:49:29.917, 2, 54, 64, 174.39 W, 180.00 W, 100 %, 56092 MiB, 2, 16
2026/09/27 12:49:29.917, 3, 51, 62, 179.74 W, 180.00 W, 94 %, 60430 MiB, 2, 1
2026/09/27 12:49:30.917, 0, 54, 58, 184.96 W, 180.00 W, 100 %, 58264 MiB, 2, 16
2026/09/27 12:49:30.918, 1, 53, 64, 184.99 W, 180.00 W, 100 %, 59374 MiB, 2, 16
2026/09/27 12:49:30.918, 2, 54, 65, 186.97 W, 180.00 W, 100 %, 56092 MiB, 2, 16
2026/09/27 12:49:30.919, 3, 51, 64, 162.47 W, 180.00 W, 100 %, 60430 MiB, 2, 1
2026/09/27 12:49:31.919, 0, 54, 58, 177.40 W, 180.00 W, 100 %, 58264 MiB, 2, 16
2026/09/27 12:49:31.920, 1, 53, 64, 196.02 W, 180.00 W, 100 %, 59374 MiB, 2, 16
2026/09/27 12:49:31.920, 2, 54, 67, 187.00 W, 180.00 W, 100 %, 56092 MiB, 2, 16
2026/09/27 12:49:31.921, 3, 51, 64, 179.58 W, 180.00 W, 100 %, 60430 MiB, 2, 1
2026/09/27 12:49:32.922, 0, 54, 57, 179.03 W, 180.00 W, 100 %, 58264 MiB, 2, 16
2026/09/27 12:49:32.922, 1, 53, 61, 177.91 W, 180.00 W, 86 %, 59374 MiB, 2, 16
2026/09/27 12:49:32.922, 2, 54, 64, 168.29 W, 180.00 W, 88 %, 56092 MiB, 2, 16
2026/09/27 12:49:32.923, 3, 51, 61, 208.35 W, 180.00 W, 92 %, 60430 MiB, 2, 1
2026/09/27 12:49:33.929, 0, 55, 58, 170.44 W, 180.00 W, 100 %, 58264 MiB, 2, 16
2026/09/27 12:49:33.930, 1, 54, 63, 170.35 W, 180.00 W, 100 %, 59374 MiB, 2, 16
2026/09/27 12:49:33.930, 2, 54, 67, 176.31 W, 180.00 W, 100 %, 56092 MiB, 2, 16
2026/09/27 12:49:33.930, 3, 51, 63, 181.97 W, 180.00 W, 100 %, 60430 MiB, 2, 1
2026/09/27 12:49:34.933, 0, 55, 58, 175.25 W, 180.00 W, 100 %, 58264 MiB, 2, 16
2026/09/27 12:49:34.933, 1, 54, 62, 182.41 W, 180.00 W, 100 %, 59374 MiB, 2, 16
2026/09/27 12:49:34.934, 2, 55, 65, 181.82 W, 180.00 W, 100 %, 56092 MiB, 2, 16
2026/09/27 12:49:34.963, 3, 52, 63, 176.48 W, 180.00 W, 100 %, 60430 MiB, 2, 1
2026/09/27 12:49:35.963, 0, 55, 58, 187.27 W, 180.00 W, 100 %, 58264 MiB, 2, 16
2026/09/27 12:49:35.964, 1, 54, 64, 188.23 W, 180.00 W, 100 %, 59374 MiB, 2, 16
2026/09/27 12:49:35.964, 2, 55, 67, 188.70 W, 180.00 W, 100 %, 56092 MiB, 2, 16
2026/09/27 12:49:35.964, 3, 52, 64, 182.69 W, 180.00 W, 100 %, 60430 MiB, 2, 1
2026/09/27 12:49:36.965, 0, 55, 59, 186.03 W, 180.00 W, 100 %, 58264 MiB, 2, 16
2026/09/27 12:49:36.965, 1, 54, 63, 185.46 W, 180.00 W, 100 %, 59374 MiB, 2, 16
2026/09/27 12:49:36.966, 2, 55, 68, 165.89 W, 180.00 W, 100 %, 56092 MiB, 2, 16
2026/09/27 12:49:36.966, 3, 52, 65, 184.68 W, 180.00 W, 100 %, 60430 MiB, 2, 1
2026/09/27 12:49:37.967, 0, 54, 56, 133.65 W, 180.00 W, 75 %, 58264 MiB, 2, 16
2026/09/27 12:49:37.967, 1, 54, 62, 158.15 W, 180.00 W, 69 %, 59374 MiB, 2, 16
2026/09/27 12:49:37.967, 2, 54, 63, 64.60 W, 180.00 W, 68 %, 56092 MiB, 2, 16
2026/09/27 12:49:37.968, 3, 50, 60, 69.16 W, 180.00 W, 68 %, 60430 MiB, 2, 1
2026/09/27 12:49:38.968, 0, 56, 59, 186.99 W, 180.00 W, 100 %, 58264 MiB, 2, 16
2026/09/27 12:49:38.968, 1, 55, 64, 159.85 W, 180.00 W, 100 %, 59374 MiB, 2, 16
2026/09/27 12:49:38.969, 2, 56, 67, 176.09 W, 180.00 W, 100 %, 56092 MiB, 2, 16
2026/09/27 12:49:38.969, 3, 52, 64, 178.01 W, 180.00 W, 100 %, 60430 MiB, 2, 1
2026/09/27 12:49:39.970, 0, 56, 59, 182.82 W, 180.00 W, 100 %, 58264 MiB, 2, 16
2026/09/27 12:49:39.972, 1, 55, 63, 188.85 W, 180.00 W, 100 %, 59374 MiB, 2, 16
2026/09/27 12:49:39.972, 2, 56, 68, 187.62 W, 180.00 W, 100 %, 56092 MiB, 2, 16
2026/09/27 12:49:39.973, 3, 52, 65, 174.99 W, 180.00 W, 100 %, 60430 MiB, 2, 1
2026/09/27 12:49:40.973, 0, 56, 59, 175.93 W, 180.00 W, 100 %, 58264 MiB, 2, 16
2026/09/27 12:49:40.974, 1, 55, 64, 176.01 W, 180.00 W, 100 %, 59374 MiB, 2, 16
2026/09/27 12:49:40.974, 2, 56, 67, 180.24 W, 180.00 W, 100 %, 56092 MiB, 2, 16
2026/09/27 12:49:40.975, 3, 53, 63, 185.43 W, 180.00 W, 100 %, 60430 MiB, 2, 1
2026/09/27 12:49:41.975, 0, 56, 60, 176.15 W, 180.00 W, 100 %, 58264 MiB, 2, 16
2026/09/27 12:49:41.979, 1, 55, 64, 177.39 W, 180.00 W, 100 %, 59374 MiB, 2, 16
2026/09/27 12:49:41.979, 2, 56, 68, 175.19 W, 180.00 W, 100 %, 56092 MiB, 2, 16
2026/09/27 12:49:41.979, 3, 53, 64, 172.26 W, 180.00 W, 100 %, 60430 MiB, 2, 1
2026/09/27 12:49:42.980, 0, 55, 57, 61.02 W, 180.00 W, 96 %, 58264 MiB, 2, 16
2026/09/27 12:49:42.980, 1, 53, 61, 111.88 W, 180.00 W, 100 %, 59374 MiB, 2, 16
2026/09/27 12:49:42.981, 2, 55, 65, 61.08 W, 180.00 W, 100 %, 56092 MiB, 2, 16
2026/09/27 12:49:42.981, 3, 51, 62, 66.96 W, 180.00 W, 100 %, 60430 MiB, 2, 1
2026/09/27 12:49:43.981, 0, 53, 55, 90.80 W, 180.00 W, 100 %, 58264 MiB, 2, 16
2026/09/27 12:49:43.982, 1, 52, 60, 80.81 W, 180.00 W, 100 %, 59374 MiB, 2, 16
2026/09/27 12:49:43.982, 2, 54, 63, 86.99 W, 180.00 W, 52 %, 56092 MiB, 2, 16
2026/09/27 12:49:43.983, 3, 52, 61, 210.77 W, 180.00 W, 59 %, 60430 MiB, 2, 1
2026/09/27 12:49:44.983, 0, 56, 60, 162.89 W, 180.00 W, 100 %, 58264 MiB, 2, 16
2026/09/27 12:49:44.984, 1, 55, 62, 162.10 W, 180.00 W, 100 %, 59374 MiB, 2, 16
2026/09/27 12:49:44.984, 2, 56, 67, 183.97 W, 180.00 W, 100 %, 56092 MiB, 2, 16
2026/09/27 12:49:44.984, 3, 53, 64, 180.96 W, 180.00 W, 100 %, 60430 MiB, 2, 1
2026/09/27 12:49:45.985, 0, 57, 60, 189.24 W, 180.00 W, 100 %, 58264 MiB, 2, 16
2026/09/27 12:49:45.985, 1, 55, 64, 148.38 W, 180.00 W, 100 %, 59374 MiB, 2, 16
2026/09/27 12:49:45.986, 2, 57, 67, 184.49 W, 180.00 W, 100 %, 56092 MiB, 2, 16
2026/09/27 12:49:45.986, 3, 53, 64, 169.32 W, 180.00 W, 100 %, 60430 MiB, 2, 1
2026/09/27 12:49:46.987, 0, 57, 61, 180.67 W, 180.00 W, 100 %, 58264 MiB, 2, 16
2026/09/27 12:49:46.988, 1, 56, 65, 153.68 W, 180.00 W, 100 %, 59374 MiB, 2, 16
2026/09/27 12:49:46.988, 2, 57, 68, 171.11 W, 180.00 W, 100 %, 56092 MiB, 2, 16
2026/09/27 12:49:46.989, 3, 53, 64, 183.59 W, 180.00 W, 95 %, 60430 MiB, 2, 1
2026/09/27 12:49:47.989, 0, 57, 63, 178.55 W, 180.00 W, 100 %, 58264 MiB, 2, 16
2026/09/27 12:49:47.989, 1, 56, 63, 201.68 W, 180.00 W, 100 %, 59374 MiB, 2, 16
2026/09/27 12:49:47.990, 2, 57, 68, 168.02 W, 180.00 W, 100 %, 56092 MiB, 2, 16
2026/09/27 12:49:47.990, 3, 53, 65, 174.22 W, 180.00 W, 100 %, 60430 MiB, 2, 1
2026/09/27 12:49:48.991, 0, 55, 57, 61.26 W, 180.00 W, 30 %, 58264 MiB, 2, 16
2026/09/27 12:49:48.991, 1, 53, 63, 73.03 W, 180.00 W, 100 %, 59374 MiB, 2, 16
2026/09/27 12:49:48.993, 2, 55, 64, 58.70 W, 180.00 W, 100 %, 56092 MiB, 2, 16
2026/09/27 12:49:48.994, 3, 52, 62, 69.36 W, 180.00 W, 100 %, 60430 MiB, 2, 1
2026/09/27 12:49:49.994, 0, 55, 58, 148.83 W, 180.00 W, 100 %, 58264 MiB, 2, 16
2026/09/27 12:49:49.995, 1, 53, 60, 189.45 W, 180.00 W, 87 %, 59374 MiB, 2, 16
2026/09/27 12:49:49.995, 2, 55, 63, 129.40 W, 180.00 W, 69 %, 56092 MiB, 2, 16
2026/09/27 12:49:49.995, 3, 53, 62, 158.70 W, 180.00 W, 96 %, 60430 MiB, 2, 1
2026/09/27 12:49:50.996, 0, 57, 60, 163.42 W, 180.00 W, 100 %, 58264 MiB, 2, 16
2026/09/27 12:49:50.996, 1, 55, 63, 173.27 W, 180.00 W, 100 %, 59374 MiB, 2, 16
2026/09/27 12:49:50.997, 2, 57, 68, 186.12 W, 180.00 W, 100 %, 56092 MiB, 2, 16
2026/09/27 12:49:50.997, 3, 53, 65, 168.27 W, 180.00 W, 100 %, 60430 MiB, 2, 1
2026/09/27 12:49:51.998, 0, 57, 60, 183.14 W, 180.00 W, 100 %, 58264 MiB, 2, 16
2026/09/27 12:49:51.998, 1, 56, 64, 187.73 W, 180.00 W, 100 %, 59374 MiB, 2, 16
2026/09/27 12:49:51.999, 2, 57, 69, 177.09 W, 180.00 W, 100 %, 56092 MiB, 2, 16
2026/09/27 12:49:51.999, 3, 54, 65, 178.07 W, 180.00 W, 100 %, 60430 MiB, 2, 1
2026/09/27 12:49:53.000, 0, 58, 61, 186.99 W, 180.00 W, 100 %, 58264 MiB, 2, 16
2026/09/27 12:49:53.000, 1, 56, 64, 166.71 W, 180.00 W, 100 %, 59374 MiB, 2, 16
2026/09/27 12:49:53.001, 2, 58, 69, 182.01 W, 180.00 W, 100 %, 56092 MiB, 2, 16
2026/09/27 12:49:53.001, 3, 54, 66, 176.39 W, 180.00 W, 100 %, 60430 MiB, 2, 1
2026/09/27 12:49:54.001, 0, 58, 61, 170.38 W, 180.00 W, 100 %, 58264 MiB, 2, 16
2026/09/27 12:49:54.002, 1, 56, 65, 181.07 W, 180.00 W, 100 %, 59374 MiB, 2, 16
2026/09/27 12:49:54.002, 2, 58, 69, 173.64 W, 180.00 W, 100 %, 56092 MiB, 2, 16
2026/09/27 12:49:54.003, 3, 54, 65, 166.00 W, 180.00 W, 100 %, 60430 MiB, 2, 1
2026/09/27 12:49:55.003, 0, 57, 60, 66.44 W, 180.00 W, 81 %, 58264 MiB, 2, 16
2026/09/27 12:49:55.004, 1, 55, 62, 99.83 W, 180.00 W, 88 %, 59374 MiB, 2, 16
2026/09/27 12:49:55.004, 2, 57, 66, 65.04 W, 180.00 W, 100 %, 56092 MiB, 2, 16
2026/09/27 12:49:55.005, 3, 53, 64, 70.64 W, 180.00 W, 100 %, 60430 MiB, 2, 1
2026/09/27 12:49:56.005, 0, 55, 57, 64.38 W, 180.00 W, 100 %, 58304 MiB, 2, 16
2026/09/27 12:49:56.006, 1, 54, 62, 75.56 W, 180.00 W, 91 %, 59414 MiB, 2, 16
2026/09/27 12:49:56.006, 2, 56, 65, 64.64 W, 180.00 W, 87 %, 56132 MiB, 2, 16
2026/09/27 12:49:56.006, 3, 52, 60, 71.81 W, 180.00 W, 88 %, 60450 MiB, 2, 1
2026/09/27 12:49:57.007, 0, 58, 61, 185.38 W, 180.00 W, 100 %, 58304 MiB, 2, 16
2026/09/27 12:49:57.007, 1, 56, 64, 165.20 W, 180.00 W, 100 %, 59414 MiB, 2, 16
2026/09/27 12:49:57.008, 2, 58, 68, 178.97 W, 180.00 W, 100 %, 56132 MiB, 2, 16
2026/09/27 12:49:57.013, 3, 54, 65, 184.25 W, 180.00 W, 100 %, 60450 MiB, 2, 1
2026/09/27 12:49:58.014, 0, 58, 62, 178.60 W, 180.00 W, 100 %, 58304 MiB, 2, 16
2026/09/27 12:49:58.015, 1, 56, 63, 169.11 W, 180.00 W, 100 %, 59414 MiB, 2, 16
2026/09/27 12:49:58.015, 2, 59, 69, 176.90 W, 180.00 W, 100 %, 56132 MiB, 2, 16
2026/09/27 12:49:58.017, 3, 54, 65, 181.80 W, 180.00 W, 100 %, 60450 MiB, 2, 1
2026/09/27 12:49:59.017, 0, 59, 62, 172.43 W, 180.00 W, 100 %, 58304 MiB, 2, 16
2026/09/27 12:49:59.018, 1, 57, 66, 171.14 W, 180.00 W, 100 %, 59414 MiB, 2, 16
2026/09/27 12:49:59.025, 2, 59, 68, 177.34 W, 180.00 W, 100 %, 56132 MiB, 2, 16
2026/09/27 12:49:59.026, 3, 55, 66, 171.40 W, 180.00 W, 100 %, 60450 MiB, 2, 1
2026/09/27 12:50:00.026, 0, 59, 62, 180.29 W, 180.00 W, 100 %, 58304 MiB, 2, 16
2026/09/27 12:50:00.027, 1, 57, 64, 171.51 W, 180.00 W, 100 %, 59414 MiB, 2, 16
2026/09/27 12:50:00.027, 2, 59, 69, 180.48 W, 180.00 W, 100 %, 56132 MiB, 2, 16
2026/09/27 12:50:00.028, 3, 55, 67, 173.72 W, 180.00 W, 100 %, 60450 MiB, 2, 1
2026/09/27 12:50:01.028, 0, 59, 63, 180.28 W, 180.00 W, 100 %, 58304 MiB, 2, 16
2026/09/27 12:50:01.029, 1, 57, 66, 169.14 W, 180.00 W, 100 %, 59414 MiB, 2, 16
2026/09/27 12:50:01.029, 2, 59, 69, 171.79 W, 180.00 W, 100 %, 56132 MiB, 2, 16
2026/09/27 12:50:01.030, 3, 55, 66, 178.15 W, 180.00 W, 100 %, 60450 MiB, 2, 1
2026/09/27 12:50:02.030, 0, 59, 63, 166.26 W, 180.00 W, 100 %, 58304 MiB, 2, 16
2026/09/27 12:50:02.031, 1, 57, 65, 119.68 W, 180.00 W, 100 %, 59414 MiB, 2, 16
2026/09/27 12:50:02.031, 2, 59, 69, 132.63 W, 180.00 W, 100 %, 56132 MiB, 2, 16
2026/09/27 12:50:02.031, 3, 55, 65, 210.71 W, 180.00 W, 100 %, 60450 MiB, 2, 1
2026/09/27 12:50:03.032, 0, 59, 62, 176.54 W, 180.00 W, 100 %, 58304 MiB, 2, 16
2026/09/27 12:50:03.032, 1, 57, 64, 161.55 W, 180.00 W, 100 %, 59414 MiB, 2, 16
2026/09/27 12:50:03.033, 2, 59, 68, 196.47 W, 180.00 W, 100 %, 56132 MiB, 2, 16
2026/09/27 12:50:03.033, 3, 55, 66, 185.20 W, 180.00 W, 93 %, 60450 MiB, 2, 1
2026/09/27 12:50:04.036, 0, 59, 64, 186.37 W, 180.00 W, 100 %, 58304 MiB, 2, 16
2026/09/27 12:50:04.037, 1, 57, 66, 191.37 W, 180.00 W, 100 %, 59414 MiB, 2, 16
2026/09/27 12:50:04.038, 2, 59, 69, 180.27 W, 180.00 W, 100 %, 56132 MiB, 2, 16
2026/09/27 12:50:04.038, 3, 55, 66, 194.08 W, 180.00 W, 100 %, 60450 MiB, 2, 1
2026/09/27 12:50:05.039, 0, 59, 64, 179.61 W, 180.00 W, 100 %, 58304 MiB, 2, 16
2026/09/27 12:50:05.040, 1, 58, 67, 178.08 W, 180.00 W, 100 %, 59414 MiB, 2, 16
2026/09/27 12:50:05.040, 2, 60, 70, 181.81 W, 180.00 W, 100 %, 56132 MiB, 2, 16
2026/09/27 12:50:05.041, 3, 55, 66, 156.16 W, 180.00 W, 100 %, 60450 MiB, 2, 1
2026/09/27 12:50:06.041, 0, 60, 64, 180.18 W, 180.00 W, 100 %, 58304 MiB, 2, 16
2026/09/27 12:50:06.042, 1, 58, 65, 164.40 W, 180.00 W, 100 %, 59414 MiB, 2, 16
2026/09/27 12:50:06.042, 2, 60, 70, 187.65 W, 180.00 W, 100 %, 56132 MiB, 2, 16
2026/09/27 12:50:06.042, 3, 55, 65, 180.64 W, 180.00 W, 100 %, 60450 MiB, 2, 1
2026/09/27 12:50:07.043, 0, 60, 64, 178.66 W, 180.00 W, 100 %, 58304 MiB, 2, 16
2026/09/27 12:50:07.044, 1, 58, 65, 170.98 W, 180.00 W, 100 %, 59414 MiB, 2, 16
2026/09/27 12:50:07.044, 2, 60, 70, 175.31 W, 180.00 W, 100 %, 56132 MiB, 2, 16
2026/09/27 12:50:07.044, 3, 55, 65, 164.88 W, 180.00 W, 100 %, 60450 MiB, 2, 1
2026/09/27 12:50:08.045, 0, 60, 64, 176.27 W, 180.00 W, 100 %, 58304 MiB, 2, 16
2026/09/27 12:50:08.045, 1, 58, 66, 184.20 W, 180.00 W, 100 %, 59414 MiB, 2, 16
2026/09/27 12:50:08.046, 2, 60, 71, 189.52 W, 180.00 W, 100 %, 56132 MiB, 2, 16
2026/09/27 12:50:08.046, 3, 56, 66, 189.99 W, 180.00 W, 100 %, 60450 MiB, 2, 1
2026/09/27 12:50:09.047, 0, 57, 59, 62.26 W, 180.00 W, 53 %, 58304 MiB, 2, 16
2026/09/27 12:50:09.047, 1, 55, 63, 81.15 W, 180.00 W, 78 %, 59414 MiB, 2, 16
2026/09/27 12:50:09.047, 2, 57, 66, 66.71 W, 180.00 W, 78 %, 56132 MiB, 2, 16
2026/09/27 12:50:09.048, 3, 54, 62, 70.79 W, 180.00 W, 78 %, 60450 MiB, 2, 1
2026/09/27 12:50:10.048, 0, 60, 64, 189.52 W, 180.00 W, 100 %, 58304 MiB, 2, 16
2026/09/27 12:50:10.049, 1, 58, 66, 170.53 W, 180.00 W, 100 %, 59414 MiB, 2, 16
2026/09/27 12:50:10.049, 2, 60, 70, 179.91 W, 180.00 W, 100 %, 56132 MiB, 2, 16
2026/09/27 12:50:10.050, 3, 56, 65, 180.71 W, 180.00 W, 100 %, 60452 MiB, 2, 1
2026/09/27 12:50:11.050, 0, 60, 64, 188.40 W, 180.00 W, 100 %, 58304 MiB, 2, 16
2026/09/27 12:50:11.051, 1, 58, 65, 187.74 W, 180.00 W, 100 %, 59414 MiB, 2, 16
2026/09/27 12:50:11.051, 2, 60, 71, 190.04 W, 180.00 W, 100 %, 56132 MiB, 2, 16
2026/09/27 12:50:11.052, 3, 56, 66, 154.77 W, 180.00 W, 100 %, 60452 MiB, 2, 1
2026/09/27 12:50:12.052, 0, 60, 65, 180.95 W, 180.00 W, 100 %, 58304 MiB, 2, 16
2026/09/27 12:50:12.052, 1, 58, 65, 190.66 W, 180.00 W, 100 %, 59414 MiB, 2, 16
2026/09/27 12:50:12.053, 2, 60, 72, 171.18 W, 180.00 W, 100 %, 56132 MiB, 2, 16
2026/09/27 12:50:12.053, 3, 56, 66, 165.30 W, 180.00 W, 100 %, 60452 MiB, 2, 1
2026/09/27 12:50:13.054, 0, 61, 64, 185.15 W, 180.00 W, 100 %, 58304 MiB, 2, 16
2026/09/27 12:50:13.054, 1, 58, 66, 148.03 W, 180.00 W, 100 %, 59414 MiB, 2, 16
2026/09/27 12:50:13.055, 2, 61, 71, 193.37 W, 180.00 W, 100 %, 56132 MiB, 2, 16
2026/09/27 12:50:13.055, 3, 56, 67, 170.08 W, 180.00 W, 100 %, 60452 MiB, 2, 1
2026/09/27 12:50:14.055, 0, 61, 64, 184.84 W, 180.00 W, 100 %, 58304 MiB, 2, 16
2026/09/27 12:50:14.056, 1, 59, 66, 174.34 W, 180.00 W, 100 %, 59414 MiB, 2, 16
2026/09/27 12:50:14.057, 2, 61, 71, 181.13 W, 180.00 W, 100 %, 56132 MiB, 2, 16
2026/09/27 12:50:14.057, 3, 56, 67, 178.30 W, 180.00 W, 100 %, 60452 MiB, 2, 1
2026/09/27 12:50:15.057, 0, 61, 65, 176.02 W, 180.00 W, 100 %, 58304 MiB, 2, 16
2026/09/27 12:50:15.058, 1, 59, 66, 190.48 W, 180.00 W, 100 %, 59414 MiB, 2, 16
2026/09/27 12:50:15.058, 2, 61, 70, 155.41 W, 180.00 W, 100 %, 56132 MiB, 2, 16
2026/09/27 12:50:15.058, 3, 56, 67, 165.18 W, 180.00 W, 100 %, 60452 MiB, 2, 1
2026/09/27 12:50:16.059, 0, 60, 64, 174.10 W, 180.00 W, 100 %, 58304 MiB, 2, 16
2026/09/27 12:50:16.059, 1, 58, 67, 172.85 W, 180.00 W, 100 %, 59414 MiB, 2, 16
2026/09/27 12:50:16.060, 2, 60, 72, 196.98 W, 180.00 W, 100 %, 56132 MiB, 2, 16
2026/09/27 12:50:16.060, 3, 56, 66, 198.36 W, 180.00 W, 100 %, 60452 MiB, 2, 1
2026/09/27 12:50:17.061, 0, 61, 65, 178.69 W, 180.00 W, 100 %, 58304 MiB, 2, 16
2026/09/27 12:50:17.062, 1, 59, 65, 188.57 W, 180.00 W, 100 %, 59414 MiB, 2, 16
2026/09/27 12:50:17.062, 2, 61, 71, 178.95 W, 180.00 W, 100 %, 56132 MiB, 2, 16
2026/09/27 12:50:17.063, 3, 56, 68, 178.40 W, 180.00 W, 100 %, 60452 MiB, 2, 1
2026/09/27 12:50:18.063, 0, 61, 65, 181.98 W, 180.00 W, 100 %, 58304 MiB, 2, 16
2026/09/27 12:50:18.064, 1, 59, 67, 183.89 W, 180.00 W, 100 %, 59414 MiB, 2, 16
2026/09/27 12:50:18.064, 2, 61, 70, 179.21 W, 180.00 W, 100 %, 56132 MiB, 2, 16
2026/09/27 12:50:18.064, 3, 56, 67, 184.55 W, 180.00 W, 100 %, 60452 MiB, 2, 1
2026/09/27 12:50:19.065, 0, 61, 65, 177.60 W, 180.00 W, 100 %, 58304 MiB, 2, 16
2026/09/27 12:50:19.065, 1, 59, 68, 153.06 W, 180.00 W, 100 %, 59414 MiB, 2, 16
2026/09/27 12:50:19.066, 2, 61, 72, 166.74 W, 180.00 W, 100 %, 56132 MiB, 2, 16
2026/09/27 12:50:19.066, 3, 56, 67, 174.33 W, 180.00 W, 100 %, 60452 MiB, 2, 1
2026/09/27 12:50:20.067, 0, 61, 65, 180.92 W, 180.00 W, 100 %, 58304 MiB, 2, 16
2026/09/27 12:50:20.067, 1, 59, 68, 173.98 W, 180.00 W, 100 %, 59414 MiB, 2, 16
2026/09/27 12:50:20.067, 2, 61, 72, 158.51 W, 180.00 W, 100 %, 56132 MiB, 2, 16
2026/09/27 12:50:20.068, 3, 57, 67, 162.65 W, 180.00 W, 100 %, 60452 MiB, 2, 1
2026/09/27 12:50:21.069, 0, 62, 66, 180.87 W, 180.00 W, 100 %, 58304 MiB, 2, 16
2026/09/27 12:50:21.070, 1, 59, 66, 162.97 W, 180.00 W, 100 %, 59414 MiB, 2, 16
2026/09/27 12:50:21.070, 2, 62, 71, 180.46 W, 180.00 W, 100 %, 56132 MiB, 2, 16
2026/09/27 12:50:21.070, 3, 57, 66, 180.26 W, 180.00 W, 100 %, 60452 MiB, 2, 1
2026/09/27 12:50:22.071, 0, 61, 63, 181.32 W, 180.00 W, 64 %, 58304 MiB, 2, 16
2026/09/27 12:50:22.071, 1, 58, 64, 252.39 W, 180.00 W, 71 %, 59414 MiB, 2, 16
2026/09/27 12:50:22.072, 2, 60, 68, 66.79 W, 180.00 W, 96 %, 56132 MiB, 2, 16
2026/09/27 12:50:22.072, 3, 56, 64, 67.74 W, 180.00 W, 96 %, 60452 MiB, 2, 1
2026/09/27 12:50:23.072, 0, 62, 65, 186.63 W, 180.00 W, 100 %, 58304 MiB, 2, 16
2026/09/27 12:50:23.073, 1, 59, 66, 156.49 W, 180.00 W, 100 %, 59414 MiB, 2, 16
2026/09/27 12:50:23.073, 2, 61, 71, 175.71 W, 180.00 W, 100 %, 56132 MiB, 2, 16
2026/09/27 12:50:23.073, 3, 57, 67, 169.30 W, 180.00 W, 100 %, 60452 MiB, 2, 1
2026/09/27 12:50:24.074, 0, 62, 67, 180.89 W, 180.00 W, 100 %, 58304 MiB, 2, 16
2026/09/27 12:50:24.075, 1, 59, 66, 215.18 W, 180.00 W, 100 %, 59414 MiB, 2, 16
2026/09/27 12:50:24.075, 2, 62, 71, 142.78 W, 180.00 W, 100 %, 56132 MiB, 2, 16
2026/09/27 12:50:24.075, 3, 57, 68, 180.43 W, 180.00 W, 100 %, 60452 MiB, 2, 1
2026/09/27 12:50:25.076, 0, 62, 66, 182.87 W, 180.00 W, 100 %, 58304 MiB, 2, 16
2026/09/27 12:50:25.078, 1, 59, 67, 182.57 W, 180.00 W, 100 %, 59414 MiB, 2, 16
2026/09/27 12:50:25.078, 2, 62, 72, 161.71 W, 180.00 W, 100 %, 56132 MiB, 2, 16
2026/09/27 12:50:25.079, 3, 57, 67, 183.02 W, 180.00 W, 100 %, 60452 MiB, 2, 1
2026/09/27 12:50:26.079, 0, 62, 67, 175.03 W, 180.00 W, 100 %, 58304 MiB, 2, 16
2026/09/27 12:50:26.081, 1, 59, 68, 185.19 W, 180.00 W, 100 %, 59414 MiB, 2, 16
2026/09/27 12:50:26.081, 2, 62, 72, 174.77 W, 180.00 W, 100 %, 56132 MiB, 2, 16
2026/09/27 12:50:26.081, 3, 57, 66, 185.80 W, 180.00 W, 100 %, 60452 MiB, 2, 1
2026/09/27 12:50:27.082, 0, 62, 66, 175.70 W, 180.00 W, 100 %, 58304 MiB, 2, 16
2026/09/27 12:50:27.084, 1, 59, 67, 175.37 W, 180.00 W, 100 %, 59414 MiB, 2, 16
2026/09/27 12:50:27.084, 2, 62, 74, 153.99 W, 180.00 W, 100 %, 56132 MiB, 2, 16
2026/09/27 12:50:27.084, 3, 57, 68, 184.52 W, 180.00 W, 100 %, 60452 MiB, 2, 1
2026/09/27 12:50:28.085, 0, 61, 64, 112.19 W, 180.00 W, 100 %, 58304 MiB, 2, 16
2026/09/27 12:50:28.085, 1, 59, 67, 166.26 W, 180.00 W, 100 %, 59414 MiB, 2, 16
2026/09/27 12:50:28.086, 2, 61, 70, 104.53 W, 180.00 W, 100 %, 56132 MiB, 2, 16
2026/09/27 12:50:28.086, 3, 56, 65, 119.97 W, 180.00 W, 97 %, 60452 MiB, 2, 1
2026/09/27 12:50:29.086, 0, 62, 64, 214.29 W, 180.00 W, 85 %, 58304 MiB, 2, 16
2026/09/27 12:50:29.087, 1, 58, 65, 122.62 W, 180.00 W, 92 %, 59414 MiB, 2, 16
2026/09/27 12:50:29.087, 2, 61, 69, 105.54 W, 180.00 W, 92 %, 56132 MiB, 2, 16
2026/09/27 12:50:29.087, 3, 56, 64, 113.39 W, 180.00 W, 92 %, 60452 MiB, 2, 1
2026/09/27 12:50:30.088, 0, 62, 67, 182.12 W, 180.00 W, 100 %, 58304 MiB, 2, 16
2026/09/27 12:50:30.088, 1, 59, 67, 162.63 W, 180.00 W, 100 %, 59414 MiB, 2, 16
2026/09/27 12:50:30.088, 2, 62, 71, 193.70 W, 180.00 W, 100 %, 56132 MiB, 2, 16
2026/09/27 12:50:30.089, 3, 57, 68, 172.06 W, 180.00 W, 100 %, 60452 MiB, 2, 1
2026/09/27 12:50:31.089, 0, 62, 67, 179.09 W, 180.00 W, 100 %, 58304 MiB, 2, 16
2026/09/27 12:50:31.090, 1, 59, 68, 188.40 W, 180.00 W, 100 %, 59414 MiB, 2, 16
2026/09/27 12:50:31.090, 2, 62, 73, 183.20 W, 180.00 W, 100 %, 56132 MiB, 2, 16
2026/09/27 12:50:31.090, 3, 57, 67, 158.99 W, 180.00 W, 100 %, 60452 MiB, 2, 1
2026/09/27 12:50:32.091, 0, 63, 67, 178.75 W, 180.00 W, 100 %, 58304 MiB, 2, 16
2026/09/27 12:50:32.092, 1, 60, 68, 190.50 W, 180.00 W, 100 %, 59414 MiB, 2, 16
2026/09/27 12:50:32.092, 2, 63, 71, 180.61 W, 180.00 W, 100 %, 56132 MiB, 2, 16
2026/09/27 12:50:32.092, 3, 57, 68, 158.13 W, 180.00 W, 100 %, 60452 MiB, 2, 1
2026/09/27 12:50:33.093, 0, 63, 67, 182.19 W, 180.00 W, 100 %, 58304 MiB, 2, 16
2026/09/27 12:50:33.094, 1, 60, 66, 162.41 W, 180.00 W, 100 %, 59414 MiB, 2, 16
2026/09/27 12:50:33.094, 2, 63, 72, 181.24 W, 180.00 W, 100 %, 56132 MiB, 2, 16
2026/09/27 12:50:33.094, 3, 57, 67, 184.81 W, 180.00 W, 100 %, 60452 MiB, 2, 1
2026/09/27 12:50:34.095, 0, 63, 66, 178.43 W, 180.00 W, 100 %, 58304 MiB, 2, 16
2026/09/27 12:50:34.095, 1, 60, 67, 180.04 W, 180.00 W, 100 %, 59414 MiB, 2, 16
2026/09/27 12:50:34.096, 2, 63, 73, 185.95 W, 180.00 W, 100 %, 56132 MiB, 2, 16
2026/09/27 12:50:34.096, 3, 58, 68, 191.49 W, 180.00 W, 100 %, 60452 MiB, 2, 1
2026/09/27 12:50:35.096, 0, 63, 68, 182.26 W, 180.00 W, 100 %, 58304 MiB, 2, 16
2026/09/27 12:50:35.097, 1, 60, 68, 180.61 W, 180.00 W, 100 %, 59414 MiB, 2, 16
2026/09/27 12:50:35.101, 2, 63, 73, 164.87 W, 180.00 W, 100 %, 56132 MiB, 2, 16
2026/09/27 12:50:35.102, 3, 58, 67, 177.17 W, 180.00 W, 100 %, 60452 MiB, 2, 1
2026/09/27 12:50:36.102, 0, 63, 67, 181.13 W, 180.00 W, 100 %, 58304 MiB, 2, 16
2026/09/27 12:50:36.103, 1, 60, 69, 171.34 W, 180.00 W, 100 %, 59414 MiB, 2, 16
2026/09/27 12:50:36.103, 2, 63, 72, 182.85 W, 180.00 W, 100 %, 56132 MiB, 2, 16
2026/09/27 12:50:36.103, 3, 58, 68, 199.13 W, 180.00 W, 100 %, 60452 MiB, 2, 1
2026/09/27 12:50:37.104, 0, 62, 64, 168.99 W, 180.00 W, 74 %, 58304 MiB, 2, 16
2026/09/27 12:50:37.105, 1, 60, 65, 271.41 W, 180.00 W, 79 %, 59414 MiB, 2, 16
2026/09/27 12:50:37.105, 2, 61, 69, 68.76 W, 180.00 W, 79 %, 56132 MiB, 2, 16
2026/09/27 12:50:37.105, 3, 56, 64, 71.44 W, 180.00 W, 79 %, 60452 MiB, 2, 1
2026/09/27 12:50:38.105, 0, 63, 68, 172.76 W, 180.00 W, 100 %, 58304 MiB, 2, 16
2026/09/27 12:50:38.106, 1, 60, 67, 196.22 W, 180.00 W, 100 %, 59414 MiB, 2, 16
2026/09/27 12:50:38.106, 2, 63, 71, 163.90 W, 180.00 W, 100 %, 56132 MiB, 2, 16
2026/09/27 12:50:38.106, 3, 58, 67, 183.68 W, 180.00 W, 100 %, 60452 MiB, 2, 1
2026/09/27 12:50:39.107, 0, 63, 67, 183.49 W, 180.00 W, 100 %, 58304 MiB, 2, 16
2026/09/27 12:50:39.108, 1, 60, 68, 164.12 W, 180.00 W, 100 %, 59414 MiB, 2, 16
2026/09/27 12:50:39.108, 2, 63, 72, 174.59 W, 180.00 W, 100 %, 56132 MiB, 2, 16
2026/09/27 12:50:39.108, 3, 58, 68, 179.76 W, 180.00 W, 100 %, 60452 MiB, 2, 1
2026/09/27 12:50:40.109, 0, 63, 67, 178.50 W, 180.00 W, 100 %, 58304 MiB, 2, 16
2026/09/27 12:50:40.110, 1, 60, 67, 189.40 W, 180.00 W, 100 %, 59414 MiB, 2, 16
2026/09/27 12:50:40.110, 2, 63, 72, 201.74 W, 180.00 W, 100 %, 56132 MiB, 2, 16
2026/09/27 12:50:40.110, 3, 58, 68, 183.02 W, 180.00 W, 100 %, 60452 MiB, 2, 1
2026/09/27 12:50:41.111, 0, 64, 67, 178.23 W, 180.00 W, 100 %, 58304 MiB, 2, 16
2026/09/27 12:50:41.111, 1, 61, 67, 194.72 W, 180.00 W, 100 %, 59414 MiB, 2, 16
2026/09/27 12:50:41.112, 2, 64, 74, 191.85 W, 180.00 W, 100 %, 56132 MiB, 2, 16
2026/09/27 12:50:41.112, 3, 58, 68, 186.40 W, 180.00 W, 100 %, 60452 MiB, 2, 1
2026/09/27 12:50:42.113, 0, 64, 68, 181.99 W, 180.00 W, 100 %, 58304 MiB, 2, 16
2026/09/27 12:50:42.113, 1, 60, 69, 161.45 W, 180.00 W, 100 %, 59414 MiB, 2, 16
2026/09/27 12:50:42.113, 2, 64, 73, 182.83 W, 180.00 W, 100 %, 56132 MiB, 2, 16
2026/09/27 12:50:42.114, 3, 58, 69, 179.07 W, 180.00 W, 100 %, 60452 MiB, 2, 1
2026/09/27 12:50:43.114, 0, 64, 69, 177.62 W, 180.00 W, 100 %, 58304 MiB, 2, 16
2026/09/27 12:50:43.115, 1, 60, 67, 176.27 W, 180.00 W, 100 %, 59414 MiB, 2, 16
2026/09/27 12:50:43.115, 2, 64, 73, 172.32 W, 180.00 W, 100 %, 56132 MiB, 2, 16
2026/09/27 12:50:43.115, 3, 58, 68, 176.10 W, 180.00 W, 100 %, 60452 MiB, 2, 1
2026/09/27 12:50:44.116, 0, 64, 68, 181.12 W, 180.00 W, 100 %, 58304 MiB, 2, 16
2026/09/27 12:50:44.117, 1, 61, 69, 181.13 W, 180.00 W, 100 %, 59414 MiB, 2, 16
2026/09/27 12:50:44.117, 2, 64, 73, 167.55 W, 180.00 W, 100 %, 56132 MiB, 2, 16
2026/09/27 12:50:44.117, 3, 58, 70, 173.63 W, 180.00 W, 100 %, 60452 MiB, 2, 1
2026/09/27 12:50:45.118, 0, 62, 64, 120.24 W, 180.00 W, 100 %, 58304 MiB, 2, 16
2026/09/27 12:50:45.119, 1, 59, 65, 88.85 W, 180.00 W, 100 %, 59414 MiB, 2, 16
2026/09/27 12:50:45.119, 2, 63, 71, 87.60 W, 180.00 W, 100 %, 56132 MiB, 2, 16
2026/09/27 12:50:45.119, 3, 57, 66, 126.22 W, 180.00 W, 97 %, 60452 MiB, 2, 1
2026/09/27 12:50:46.120, 0, 64, 68, 189.32 W, 180.00 W, 100 %, 58304 MiB, 2, 16
2026/09/27 12:50:46.120, 1, 61, 69, 153.13 W, 180.00 W, 100 %, 59414 MiB, 2, 16
2026/09/27 12:50:46.120, 2, 64, 72, 167.27 W, 180.00 W, 100 %, 56132 MiB, 2, 16
2026/09/27 12:50:46.121, 3, 58, 67, 181.41 W, 180.00 W, 100 %, 60452 MiB, 2, 1
2026/09/27 12:50:47.122, 0, 64, 68, 185.10 W, 180.00 W, 100 %, 58304 MiB, 2, 16
2026/09/27 12:50:47.122, 1, 61, 66, 189.29 W, 180.00 W, 100 %, 59414 MiB, 2, 16
2026/09/27 12:50:47.122, 2, 64, 73, 179.36 W, 180.00 W, 100 %, 56132 MiB, 2, 16
2026/09/27 12:50:47.124, 3, 58, 68, 180.86 W, 180.00 W, 100 %, 60452 MiB, 2, 1
2026/09/27 12:50:48.125, 0, 64, 68, 180.32 W, 180.00 W, 100 %, 58304 MiB, 2, 16
2026/09/27 12:50:48.125, 1, 61, 67, 162.31 W, 180.00 W, 100 %, 59414 MiB, 2, 16
2026/09/27 12:50:48.126, 2, 64, 73, 162.38 W, 180.00 W, 100 %, 56132 MiB, 2, 16
2026/09/27 12:50:48.127, 3, 58, 70, 177.68 W, 180.00 W, 100 %, 60452 MiB, 2, 1
2026/09/27 12:50:49.127, 0, 64, 69, 179.63 W, 180.00 W, 100 %, 58304 MiB, 2, 16
2026/09/27 12:50:49.127, 1, 61, 69, 147.66 W, 180.00 W, 100 %, 59414 MiB, 2, 16
2026/09/27 12:50:49.128, 2, 64, 75, 172.05 W, 180.00 W, 100 %, 56132 MiB, 2, 16
2026/09/27 12:50:49.128, 3, 59, 68, 179.83 W, 180.00 W, 100 %, 60452 MiB, 2, 1
2026/09/27 12:50:50.129, 0, 64, 70, 180.82 W, 180.00 W, 100 %, 58304 MiB, 2, 16
2026/09/27 12:50:50.129, 1, 61, 69, 164.20 W, 180.00 W, 100 %, 59414 MiB, 2, 16
2026/09/27 12:50:50.130, 2, 64, 74, 171.38 W, 180.00 W, 100 %, 56132 MiB, 2, 16
2026/09/27 12:50:50.130, 3, 58, 68, 173.68 W, 180.00 W, 100 %, 60452 MiB, 2, 1
2026/09/27 12:50:51.131, 0, 65, 69, 183.66 W, 180.00 W, 100 %, 58304 MiB, 2, 16
2026/09/27 12:50:51.131, 1, 61, 69, 180.15 W, 180.00 W, 100 %, 59414 MiB, 2, 16
2026/09/27 12:50:51.132, 2, 64, 74, 184.79 W, 180.00 W, 100 %, 56132 MiB, 2, 16
2026/09/27 12:50:51.132, 3, 59, 69, 186.56 W, 180.00 W, 100 %, 60452 MiB, 2, 1
2026/09/27 12:50:52.133, 0, 65, 69, 177.77 W, 180.00 W, 100 %, 58304 MiB, 2, 16
2026/09/27 12:50:52.133, 1, 61, 69, 166.25 W, 180.00 W, 100 %, 59414 MiB, 2, 16
2026/09/27 12:50:52.133, 2, 65, 75, 178.59 W, 180.00 W, 100 %, 56132 MiB, 2, 16
2026/09/27 12:50:52.134, 3, 59, 68, 182.48 W, 180.00 W, 100 %, 60452 MiB, 2, 1
2026/09/27 12:50:53.134, 0, 64, 68, 116.61 W, 180.00 W, 100 %, 58304 MiB, 2, 16
2026/09/27 12:50:53.135, 1, 61, 68, 166.71 W, 180.00 W, 100 %, 59414 MiB, 2, 16
2026/09/27 12:50:53.135, 2, 64, 72, 173.32 W, 180.00 W, 100 %, 56132 MiB, 2, 16
2026/09/27 12:50:53.135, 3, 59, 68, 191.19 W, 180.00 W, 98 %, 60452 MiB, 2, 1
2026/09/27 12:50:54.136, 0, 64, 68, 191.39 W, 180.00 W, 100 %, 58304 MiB, 2, 16
2026/09/27 12:50:54.136, 1, 61, 68, 191.16 W, 180.00 W, 100 %, 59414 MiB, 2, 16
2026/09/27 12:50:54.136, 2, 64, 74, 149.62 W, 180.00 W, 100 %, 56132 MiB, 2, 16
2026/09/27 12:50:54.137, 3, 58, 68, 190.77 W, 180.00 W, 100 %, 60452 MiB, 2, 1
2026/09/27 12:50:55.138, 0, 65, 70, 186.03 W, 180.00 W, 100 %, 58304 MiB, 2, 16
2026/09/27 12:50:55.138, 1, 61, 68, 190.15 W, 180.00 W, 100 %, 59414 MiB, 2, 16
2026/09/27 12:50:55.138, 2, 65, 74, 170.20 W, 180.00 W, 100 %, 56132 MiB, 2, 16
2026/09/27 12:50:55.139, 3, 59, 70, 186.39 W, 180.00 W, 100 %, 60452 MiB, 2, 1
2026/09/27 12:50:56.139, 0, 65, 68, 179.54 W, 180.00 W, 100 %, 58304 MiB, 2, 16
2026/09/27 12:50:56.140, 1, 61, 68, 164.50 W, 180.00 W, 100 %, 59414 MiB, 2, 16
2026/09/27 12:50:56.140, 2, 65, 74, 178.62 W, 180.00 W, 100 %, 56132 MiB, 2, 16
2026/09/27 12:50:56.140, 3, 59, 67, 156.95 W, 180.00 W, 100 %, 60452 MiB, 2, 1
2026/09/27 12:50:57.150, 0, 65, 69, 182.92 W, 180.00 W, 100 %, 58304 MiB, 2, 16
2026/09/27 12:50:57.150, 1, 61, 68, 158.20 W, 180.00 W, 100 %, 59414 MiB, 2, 16
2026/09/27 12:50:57.151, 2, 65, 74, 158.50 W, 180.00 W, 100 %, 56132 MiB, 2, 16
2026/09/27 12:50:57.151, 3, 59, 69, 170.96 W, 180.00 W, 100 %, 60452 MiB, 2, 1
2026/09/27 12:50:58.152, 0, 65, 70, 180.57 W, 180.00 W, 100 %, 58304 MiB, 2, 16
2026/09/27 12:50:58.153, 1, 61, 67, 186.66 W, 180.00 W, 100 %, 59414 MiB, 2, 16
2026/09/27 12:50:58.153, 2, 65, 73, 180.38 W, 180.00 W, 100 %, 56132 MiB, 2, 16
2026/09/27 12:50:58.153, 3, 59, 68, 182.56 W, 180.00 W, 100 %, 60452 MiB, 2, 1
2026/09/27 12:50:59.154, 0, 65, 69, 180.51 W, 180.00 W, 100 %, 58304 MiB, 2, 16
2026/09/27 12:50:59.154, 1, 61, 69, 166.23 W, 180.00 W, 100 %, 59414 MiB, 2, 16
2026/09/27 12:50:59.155, 2, 65, 73, 186.74 W, 180.00 W, 100 %, 56132 MiB, 2, 16
2026/09/27 12:50:59.155, 3, 59, 69, 197.26 W, 180.00 W, 100 %, 60452 MiB, 2, 1
2026/09/27 12:51:00.155, 0, 65, 69, 180.29 W, 180.00 W, 100 %, 58304 MiB, 2, 16
2026/09/27 12:51:00.156, 1, 62, 69, 174.82 W, 180.00 W, 100 %, 59414 MiB, 2, 16
2026/09/27 12:51:00.156, 2, 65, 73, 192.71 W, 180.00 W, 100 %, 56132 MiB, 2, 16
2026/09/27 12:51:00.157, 3, 59, 69, 183.73 W, 180.00 W, 100 %, 60452 MiB, 2, 1
2026/09/27 12:51:01.157, 0, 65, 69, 200.83 W, 180.00 W, 100 %, 58304 MiB, 2, 16
2026/09/27 12:51:01.158, 1, 62, 70, 187.36 W, 180.00 W, 100 %, 59414 MiB, 2, 16
2026/09/27 12:51:01.158, 2, 65, 74, 194.26 W, 180.00 W, 100 %, 56132 MiB, 2, 16
2026/09/27 12:51:01.158, 3, 59, 69, 136.95 W, 180.00 W, 100 %, 60452 MiB, 2, 1
2026/09/27 12:51:02.159, 0, 63, 64, 72.17 W, 180.00 W, 70 %, 58304 MiB, 2, 16
2026/09/27 12:51:02.160, 1, 59, 66, 84.93 W, 180.00 W, 82 %, 59414 MiB, 2, 16
2026/09/27 12:51:02.160, 2, 63, 70, 86.83 W, 180.00 W, 93 %, 56132 MiB, 2, 16
2026/09/27 12:51:02.160, 3, 59, 66, 125.29 W, 180.00 W, 87 %, 60452 MiB, 2, 1
2026/09/27 12:51:03.161, 0, 65, 69, 164.04 W, 180.00 W, 100 %, 58304 MiB, 2, 16
2026/09/27 12:51:03.162, 1, 61, 68, 169.73 W, 180.00 W, 100 %, 59414 MiB, 2, 16
2026/09/27 12:51:03.162, 2, 65, 75, 178.87 W, 180.00 W, 100 %, 56132 MiB, 2, 16
2026/09/27 12:51:03.162, 3, 59, 69, 175.60 W, 180.00 W, 100 %, 60452 MiB, 2, 1
2026/09/27 12:51:04.163, 0, 65, 70, 170.07 W, 180.00 W, 100 %, 58304 MiB, 2, 16
2026/09/27 12:51:04.164, 1, 62, 68, 161.67 W, 180.00 W, 100 %, 59414 MiB, 2, 16
2026/09/27 12:51:04.164, 2, 65, 75, 193.65 W, 180.00 W, 100 %, 56132 MiB, 2, 16
2026/09/27 12:51:04.164, 3, 59, 69, 192.70 W, 180.00 W, 100 %, 60452 MiB, 2, 1
2026/09/27 12:51:05.165, 0, 65, 69, 181.55 W, 180.00 W, 100 %, 58304 MiB, 2, 16
2026/09/27 12:51:05.165, 1, 62, 69, 165.53 W, 180.00 W, 100 %, 59414 MiB, 2, 16
2026/09/27 12:51:05.166, 2, 65, 74, 160.01 W, 180.00 W, 100 %, 56132 MiB, 2, 16
2026/09/27 12:51:05.166, 3, 59, 68, 191.43 W, 180.00 W, 100 %, 60452 MiB, 2, 1
2026/09/27 12:51:06.167, 0, 66, 70, 180.57 W, 180.00 W, 100 %, 58304 MiB, 2, 16
2026/09/27 12:51:06.167, 1, 62, 68, 182.45 W, 180.00 W, 100 %, 59414 MiB, 2, 16
2026/09/27 12:51:06.167, 2, 65, 75, 183.43 W, 180.00 W, 100 %, 56132 MiB, 2, 16
2026/09/27 12:51:06.168, 3, 59, 69, 155.29 W, 180.00 W, 100 %, 60452 MiB, 2, 1
2026/09/27 12:51:07.168, 0, 66, 70, 182.57 W, 180.00 W, 100 %, 58304 MiB, 2, 16
2026/09/27 12:51:07.169, 1, 62, 69, 186.39 W, 180.00 W, 100 %, 59414 MiB, 2, 16
2026/09/27 12:51:07.169, 2, 66, 74, 192.80 W, 180.00 W, 100 %, 56132 MiB, 2, 16
2026/09/27 12:51:07.169, 3, 60, 69, 176.15 W, 180.00 W, 100 %, 60452 MiB, 2, 1
2026/09/27 12:51:08.170, 0, 66, 69, 179.18 W, 180.00 W, 100 %, 58304 MiB, 2, 16
2026/09/27 12:51:08.170, 1, 62, 70, 186.23 W, 180.00 W, 100 %, 59414 MiB, 2, 16
2026/09/27 12:51:08.171, 2, 66, 75, 180.50 W, 180.00 W, 100 %, 56132 MiB, 2, 16
2026/09/27 12:51:08.171, 3, 59, 69, 155.88 W, 180.00 W, 100 %, 60452 MiB, 2, 1
2026/09/27 12:51:09.172, 0, 66, 70, 177.60 W, 180.00 W, 100 %, 58304 MiB, 2, 16
2026/09/27 12:51:09.172, 1, 62, 69, 181.44 W, 180.00 W, 100 %, 59414 MiB, 2, 16
2026/09/27 12:51:09.172, 2, 66, 75, 191.84 W, 180.00 W, 100 %, 56132 MiB, 2, 16
2026/09/27 12:51:09.173, 3, 59, 69, 168.68 W, 180.00 W, 100 %, 60452 MiB, 2, 1
