timestamp, index, temperature.gpu, temperature.memory, power.draw [W], clocks.current.sm [MHz], clocks.current.memory [MHz], utilization.gpu [%]
2026/10/02 03:39:20.588, 0, 42, 53, 44.93 W, 1140 MHz, 1728 MHz, 0 %
2026/10/02 03:39:20.599, 1, 43, 46, 42.58 W, 1140 MHz, 1458 MHz, 0 %
2026/10/02 03:39:20.610, 2, 38, 52, 41.22 W, 1140 MHz, 1458 MHz, 0 %
2026/10/02 03:39:20.622, 3, 39, 51, 47.63 W, 1140 MHz, 1728 MHz, 0 %
2026/10/02 03:39:21.635, 0, 46, 58, 135.81 W, 1320 MHz, 1728 MHz, 100 %
2026/10/02 03:39:21.635, 1, 47, 51, 141.79 W, 1350 MHz, 1458 MHz, 100 %
2026/10/02 03:39:21.635, 2, 42, 55, 147.13 W, 1320 MHz, 1458 MHz, 100 %
2026/10/02 03:39:21.635, 3, 43, 55, 137.14 W, 1320 MHz, 1728 MHz, 100 %
2026/10/02 03:39:22.635, 0, 47, 58, 144.22 W, 1350 MHz, 1728 MHz, 100 %
2026/10/02 03:39:22.635, 1, 47, 52, 138.74 W, 1320 MHz, 1458 MHz, 100 %
2026/10/02 03:39:22.635, 2, 42, 56, 139.19 W, 1335 MHz, 1458 MHz, 100 %
2026/10/02 03:39:22.635, 3, 44, 57, 139.76 W, 1320 MHz, 1728 MHz, 100 %
2026/10/02 03:39:23.636, 0, 47, 59, 142.03 W, 1335 MHz, 1728 MHz, 100 %
2026/10/02 03:39:23.636, 1, 48, 52, 141.91 W, 1335 MHz, 1458 MHz, 100 %
2026/10/02 03:39:23.636, 2, 43, 56, 139.82 W, 1335 MHz, 1458 MHz, 100 %
2026/10/02 03:39:23.636, 3, 44, 57, 137.63 W, 1335 MHz, 1728 MHz, 100 %
2026/10/02 03:39:24.636, 0, 48, 58, 140.62 W, 1335 MHz, 1728 MHz, 100 %
2026/10/02 03:39:24.636, 1, 48, 53, 141.53 W, 1335 MHz, 1458 MHz, 100 %
2026/10/02 03:39:24.636, 2, 43, 56, 138.18 W, 1320 MHz, 1458 MHz, 100 %
2026/10/02 03:39:24.636, 3, 44, 57, 143.80 W, 1320 MHz, 1728 MHz, 96 %
2026/10/02 03:39:25.636, 0, 48, 59, 138.49 W, 1320 MHz, 1728 MHz, 100 %
2026/10/02 03:39:25.636, 1, 49, 52, 134.93 W, 1320 MHz, 1458 MHz, 100 %
2026/10/02 03:39:25.637, 2, 43, 57, 140.93 W, 1320 MHz, 1458 MHz, 100 %
2026/10/02 03:39:25.637, 3, 45, 57, 139.70 W, 1320 MHz, 1728 MHz, 73 %
2026/10/02 03:39:26.637, 0, 48, 57, 140.83 W, 1440 MHz, 1728 MHz, 40 %
2026/10/02 03:39:26.637, 1, 48, 51, 151.95 W, 1395 MHz, 1458 MHz, 70 %
2026/10/02 03:39:26.637, 2, 42, 55, 53.84 W, 1395 MHz, 1458 MHz, 100 %
2026/10/02 03:39:26.637, 3, 44, 56, 60.82 W, 1470 MHz, 1728 MHz, 73 %
2026/10/02 03:39:27.637, 0, 48, 59, 133.13 W, 1275 MHz, 1728 MHz, 100 %
2026/10/02 03:39:27.637, 1, 49, 54, 134.04 W, 1260 MHz, 1458 MHz, 100 %
2026/10/02 03:39:27.637, 2, 44, 58, 140.03 W, 1275 MHz, 1458 MHz, 100 %
2026/10/02 03:39:27.639, 3, 45, 58, 133.27 W, 1215 MHz, 1728 MHz, 100 %
2026/10/02 03:39:28.639, 0, 49, 58, 138.83 W, 1320 MHz, 1728 MHz, 100 %
2026/10/02 03:39:28.639, 1, 49, 53, 142.04 W, 1290 MHz, 1458 MHz, 100 %
2026/10/02 03:39:28.639, 2, 44, 58, 134.91 W, 1305 MHz, 1458 MHz, 100 %
2026/10/02 03:39:28.639, 3, 46, 58, 137.90 W, 1290 MHz, 1728 MHz, 96 %
2026/10/02 03:39:29.639, 0, 48, 59, 97.61 W, 1425 MHz, 1728 MHz, 85 %
2026/10/02 03:39:29.639, 1, 49, 53, 64.12 W, 1395 MHz, 1458 MHz, 100 %
2026/10/02 03:39:29.639, 2, 44, 57, 73.44 W, 1395 MHz, 1458 MHz, 100 %
2026/10/02 03:39:29.639, 3, 45, 57, 138.37 W, 1275 MHz, 1728 MHz, 100 %
2026/10/02 03:39:30.640, 0, 49, 59, 134.90 W, 1260 MHz, 1728 MHz, 100 %
2026/10/02 03:39:30.640, 1, 50, 55, 137.06 W, 1260 MHz, 1458 MHz, 100 %
2026/10/02 03:39:30.640, 2, 45, 59, 143.31 W, 1290 MHz, 1458 MHz, 100 %
2026/10/02 03:39:30.640, 3, 46, 58, 128.44 W, 1215 MHz, 1728 MHz, 100 %
2026/10/02 03:39:31.640, 0, 49, 59, 134.19 W, 1275 MHz, 1728 MHz, 100 %
2026/10/02 03:39:31.640, 1, 50, 55, 143.29 W, 1305 MHz, 1458 MHz, 100 %
2026/10/02 03:39:31.640, 2, 45, 58, 130.72 W, 1275 MHz, 1458 MHz, 100 %
2026/10/02 03:39:31.640, 3, 46, 59, 137.92 W, 1290 MHz, 1728 MHz, 100 %
2026/10/02 03:39:32.640, 0, 49, 60, 142.10 W, 1425 MHz, 1728 MHz, 97 %
2026/10/02 03:39:32.640, 1, 50, 54, 152.34 W, 1290 MHz, 1458 MHz, 74 %
2026/10/02 03:39:32.640, 2, 45, 59, 147.29 W, 1305 MHz, 1458 MHz, 74 %
2026/10/02 03:39:32.641, 3, 47, 58, 154.74 W, 1380 MHz, 1728 MHz, 100 %
2026/10/02 03:39:33.641, 0, 50, 60, 136.75 W, 1275 MHz, 1728 MHz, 100 %
2026/10/02 03:39:33.641, 1, 51, 54, 142.98 W, 1275 MHz, 1458 MHz, 100 %
2026/10/02 03:39:33.641, 2, 45, 58, 140.74 W, 1260 MHz, 1458 MHz, 100 %
2026/10/02 03:39:33.641, 3, 47, 59, 145.56 W, 1275 MHz, 1728 MHz, 100 %
2026/10/02 03:39:34.641, 0, 50, 60, 147.50 W, 1320 MHz, 1728 MHz, 100 %
2026/10/02 03:39:34.641, 1, 51, 55, 140.45 W, 1320 MHz, 1458 MHz, 100 %
2026/10/02 03:39:34.641, 2, 46, 59, 140.49 W, 1320 MHz, 1458 MHz, 100 %
2026/10/02 03:39:34.641, 3, 47, 59, 138.76 W, 1305 MHz, 1728 MHz, 61 %
2026/10/02 03:39:35.641, 0, 50, 60, 141.55 W, 1320 MHz, 1728 MHz, 100 %
2026/10/02 03:39:35.642, 1, 51, 54, 136.14 W, 1320 MHz, 1458 MHz, 100 %
2026/10/02 03:39:35.642, 2, 46, 58, 136.15 W, 1320 MHz, 1458 MHz, 100 %
2026/10/02 03:39:35.642, 3, 47, 60, 138.01 W, 1290 MHz, 1728 MHz, 100 %
2026/10/02 03:39:36.642, 0, 50, 61, 138.25 W, 1320 MHz, 1728 MHz, 100 %
2026/10/02 03:39:36.642, 1, 51, 56, 137.52 W, 1320 MHz, 1458 MHz, 100 %
2026/10/02 03:39:36.642, 2, 46, 60, 140.98 W, 1305 MHz, 1458 MHz, 100 %
2026/10/02 03:39:36.642, 3, 47, 59, 139.10 W, 1290 MHz, 1728 MHz, 69 %
2026/10/02 03:39:37.642, 0, 50, 60, 141.66 W, 1305 MHz, 1728 MHz, 100 %
2026/10/02 03:39:37.642, 1, 51, 55, 143.12 W, 1320 MHz, 1458 MHz, 100 %
2026/10/02 03:39:37.642, 2, 46, 60, 140.39 W, 1320 MHz, 1458 MHz, 100 %
2026/10/02 03:39:37.642, 3, 47, 59, 139.40 W, 1260 MHz, 1728 MHz, 100 %
2026/10/02 03:39:38.642, 0, 51, 62, 139.61 W, 1320 MHz, 1728 MHz, 100 %
2026/10/02 03:39:38.643, 1, 52, 56, 141.56 W, 1320 MHz, 1458 MHz, 100 %
2026/10/02 03:39:38.643, 2, 46, 59, 142.58 W, 1320 MHz, 1458 MHz, 100 %
2026/10/02 03:39:38.643, 3, 48, 59, 144.44 W, 1290 MHz, 1728 MHz, 73 %
2026/10/02 03:39:39.643, 0, 51, 60, 141.46 W, 1305 MHz, 1728 MHz, 100 %
2026/10/02 03:39:39.643, 1, 52, 54, 139.44 W, 1305 MHz, 1458 MHz, 100 %
2026/10/02 03:39:39.643, 2, 47, 59, 130.01 W, 1305 MHz, 1458 MHz, 100 %
2026/10/02 03:39:39.643, 3, 48, 59, 138.05 W, 1275 MHz, 1728 MHz, 100 %
2026/10/02 03:39:40.643, 0, 51, 61, 139.41 W, 1305 MHz, 1728 MHz, 100 %
2026/10/02 03:39:40.643, 1, 52, 56, 140.62 W, 1320 MHz, 1458 MHz, 100 %
2026/10/02 03:39:40.643, 2, 47, 61, 137.75 W, 1320 MHz, 1458 MHz, 100 %
2026/10/02 03:39:40.643, 3, 48, 60, 142.68 W, 1290 MHz, 1728 MHz, 80 %
2026/10/02 03:39:41.644, 0, 51, 61, 145.68 W, 1305 MHz, 1728 MHz, 100 %
2026/10/02 03:39:41.644, 1, 52, 56, 138.48 W, 1305 MHz, 1458 MHz, 100 %
2026/10/02 03:39:41.644, 2, 47, 60, 143.25 W, 1320 MHz, 1458 MHz, 100 %
2026/10/02 03:39:41.644, 3, 48, 61, 137.18 W, 1290 MHz, 1728 MHz, 100 %
2026/10/02 03:39:42.644, 0, 51, 62, 135.90 W, 1305 MHz, 1728 MHz, 100 %
2026/10/02 03:39:42.644, 1, 52, 55, 138.52 W, 1320 MHz, 1458 MHz, 100 %
2026/10/02 03:39:42.644, 2, 47, 60, 144.33 W, 1320 MHz, 1458 MHz, 100 %
2026/10/02 03:39:42.644, 3, 49, 60, 136.41 W, 1290 MHz, 1728 MHz, 85 %
2026/10/02 03:39:43.644, 0, 52, 62, 134.98 W, 1290 MHz, 1728 MHz, 100 %
2026/10/02 03:39:43.644, 1, 53, 57, 139.35 W, 1305 MHz, 1458 MHz, 100 %
2026/10/02 03:39:43.644, 2, 48, 60, 145.45 W, 1290 MHz, 1458 MHz, 100 %
2026/10/02 03:39:43.645, 3, 49, 61, 139.20 W, 1305 MHz, 1728 MHz, 100 %
2026/10/02 03:39:44.645, 0, 51, 61, 64.49 W, 1455 MHz, 1728 MHz, 71 %
2026/10/02 03:39:44.645, 1, 52, 55, 59.41 W, 1395 MHz, 1458 MHz, 71 %
2026/10/02 03:39:44.645, 2, 47, 59, 163.65 W, 1395 MHz, 1458 MHz, 42 %
2026/10/02 03:39:44.645, 3, 49, 60, 148.47 W, 1305 MHz, 1728 MHz, 36 %
2026/10/02 03:39:45.645, 0, 52, 61, 132.95 W, 1305 MHz, 1728 MHz, 98 %
2026/10/02 03:39:45.645, 1, 53, 56, 135.88 W, 1335 MHz, 1458 MHz, 99 %
2026/10/02 03:39:45.645, 2, 48, 59, 141.25 W, 1320 MHz, 1458 MHz, 98 %
2026/10/02 03:39:45.645, 3, 49, 60, 140.65 W, 1305 MHz, 1728 MHz, 98 %
2026/10/02 03:39:46.645, 0, 52, 62, 138.52 W, 1320 MHz, 1728 MHz, 99 %
2026/10/02 03:39:46.645, 1, 53, 56, 138.84 W, 1320 MHz, 1458 MHz, 99 %
2026/10/02 03:39:46.646, 2, 48, 61, 135.43 W, 1320 MHz, 1458 MHz, 98 %
2026/10/02 03:39:46.646, 3, 49, 60, 135.62 W, 1320 MHz, 1728 MHz, 99 %
2026/10/02 03:39:47.646, 0, 53, 62, 142.37 W, 1335 MHz, 1728 MHz, 98 %
2026/10/02 03:39:47.646, 1, 54, 57, 135.26 W, 1335 MHz, 1458 MHz, 99 %
2026/10/02 03:39:47.646, 2, 48, 61, 142.34 W, 1335 MHz, 1458 MHz, 99 %
2026/10/02 03:39:47.646, 3, 50, 61, 144.29 W, 1320 MHz, 1728 MHz, 99 %
2026/10/02 03:39:48.646, 0, 52, 60, 69.64 W, 1470 MHz, 1728 MHz, 72 %
2026/10/02 03:39:48.646, 1, 53, 55, 61.78 W, 1410 MHz, 1458 MHz, 98 %
2026/10/02 03:39:48.646, 2, 48, 60, 120.15 W, 1410 MHz, 1458 MHz, 98 %
2026/10/02 03:39:48.646, 3, 49, 58, 142.71 W, 1425 MHz, 1728 MHz, 99 %
2026/10/02 03:39:49.647, 0, 53, 61, 145.88 W, 1305 MHz, 1728 MHz, 99 %
2026/10/02 03:39:49.647, 1, 54, 57, 150.51 W, 1305 MHz, 1458 MHz, 98 %
2026/10/02 03:39:49.647, 2, 49, 61, 147.14 W, 1320 MHz, 1458 MHz, 98 %
2026/10/02 03:39:49.647, 3, 50, 61, 139.45 W, 1320 MHz, 1728 MHz, 99 %
2026/10/02 03:39:50.647, 0, 53, 62, 142.49 W, 1305 MHz, 1728 MHz, 99 %
2026/10/02 03:39:50.647, 1, 54, 57, 140.43 W, 1320 MHz, 1458 MHz, 99 %
2026/10/02 03:39:50.647, 2, 49, 61, 141.86 W, 1335 MHz, 1458 MHz, 98 %
2026/10/02 03:39:50.647, 3, 50, 60, 143.72 W, 1305 MHz, 1728 MHz, 99 %
2026/10/02 03:39:51.647, 0, 53, 61, 138.17 W, 1320 MHz, 1728 MHz, 99 %
2026/10/02 03:39:51.647, 1, 54, 57, 137.64 W, 1320 MHz, 1458 MHz, 98 %
2026/10/02 03:39:51.647, 2, 49, 61, 136.53 W, 1320 MHz, 1458 MHz, 99 %
2026/10/02 03:39:51.648, 3, 50, 61, 136.05 W, 1320 MHz, 1728 MHz, 99 %
2026/10/02 03:39:52.648, 0, 53, 62, 142.66 W, 1395 MHz, 1728 MHz, 67 %
2026/10/02 03:39:52.648, 1, 54, 55, 126.43 W, 1410 MHz, 1458 MHz, 80 %
2026/10/02 03:39:52.648, 2, 49, 60, 109.81 W, 1410 MHz, 1458 MHz, 80 %
2026/10/02 03:39:52.648, 3, 50, 60, 96.74 W, 1455 MHz, 1728 MHz, 99 %
2026/10/02 03:39:53.648, 0, 54, 61, 135.41 W, 1290 MHz, 1728 MHz, 99 %
2026/10/02 03:39:53.648, 1, 54, 57, 134.01 W, 1290 MHz, 1458 MHz, 99 %
2026/10/02 03:39:53.648, 2, 49, 61, 134.34 W, 1305 MHz, 1458 MHz, 98 %
2026/10/02 03:39:53.648, 3, 51, 61, 145.07 W, 1290 MHz, 1728 MHz, 98 %
2026/10/02 03:39:54.648, 0, 54, 62, 135.76 W, 1305 MHz, 1728 MHz, 99 %
2026/10/02 03:39:54.648, 1, 55, 57, 131.93 W, 1305 MHz, 1458 MHz, 98 %
2026/10/02 03:39:54.648, 2, 49, 61, 137.59 W, 1305 MHz, 1458 MHz, 99 %
2026/10/02 03:39:54.649, 3, 51, 61, 139.63 W, 1320 MHz, 1728 MHz, 99 %
2026/10/02 03:39:55.649, 0, 54, 62, 145.63 W, 1305 MHz, 1728 MHz, 99 %
2026/10/02 03:39:55.649, 1, 55, 58, 143.33 W, 1305 MHz, 1458 MHz, 98 %
2026/10/02 03:39:55.649, 2, 50, 61, 142.61 W, 1320 MHz, 1458 MHz, 98 %
2026/10/02 03:39:55.649, 3, 51, 61, 143.61 W, 1305 MHz, 1728 MHz, 99 %
2026/10/02 03:39:56.649, 0, 54, 62, 119.44 W, 1455 MHz, 1728 MHz, 89 %
2026/10/02 03:39:56.649, 1, 54, 57, 110.16 W, 1410 MHz, 1458 MHz, 67 %
2026/10/02 03:39:56.649, 2, 49, 60, 105.53 W, 1410 MHz, 1458 MHz, 67 %
2026/10/02 03:39:56.649, 3, 51, 60, 62.89 W, 1455 MHz, 1728 MHz, 98 %
2026/10/02 03:39:57.649, 0, 54, 64, 147.21 W, 1245 MHz, 1728 MHz, 99 %
2026/10/02 03:39:57.650, 1, 55, 59, 140.29 W, 1320 MHz, 1458 MHz, 99 %
2026/10/02 03:39:57.650, 2, 50, 61, 148.36 W, 1305 MHz, 1458 MHz, 99 %
2026/10/02 03:39:57.650, 3, 51, 62, 130.93 W, 1275 MHz, 1728 MHz, 98 %
2026/10/02 03:39:58.650, 0, 55, 64, 148.78 W, 1305 MHz, 1728 MHz, 99 %
2026/10/02 03:39:58.650, 1, 55, 58, 145.05 W, 1305 MHz, 1458 MHz, 99 %
2026/10/02 03:39:58.650, 2, 50, 62, 146.24 W, 1320 MHz, 1458 MHz, 99 %
2026/10/02 03:39:58.650, 3, 51, 62, 134.85 W, 1290 MHz, 1728 MHz, 99 %
2026/10/02 03:39:59.650, 0, 55, 63, 132.31 W, 1275 MHz, 1728 MHz, 99 %
2026/10/02 03:39:59.650, 1, 56, 58, 138.34 W, 1305 MHz, 1458 MHz, 98 %
2026/10/02 03:39:59.650, 2, 50, 62, 133.83 W, 1290 MHz, 1458 MHz, 99 %
2026/10/02 03:39:59.650, 3, 52, 61, 141.28 W, 1290 MHz, 1728 MHz, 98 %
2026/10/02 03:40:00.651, 0, 55, 62, 106.47 W, 1470 MHz, 1728 MHz, 67 %
2026/10/02 03:40:00.651, 1, 55, 57, 102.95 W, 1395 MHz, 1458 MHz, 66 %
2026/10/02 03:40:00.651, 2, 50, 60, 104.83 W, 1410 MHz, 1458 MHz, 64 %
2026/10/02 03:40:00.651, 3, 52, 60, 139.06 W, 1470 MHz, 1728 MHz, 98 %
2026/10/02 03:40:01.651, 0, 55, 64, 128.70 W, 1245 MHz, 1728 MHz, 99 %
2026/10/02 03:40:01.651, 1, 56, 59, 132.73 W, 1320 MHz, 1458 MHz, 99 %
2026/10/02 03:40:01.651, 2, 51, 61, 132.70 W, 1290 MHz, 1458 MHz, 98 %
2026/10/02 03:40:01.651, 3, 52, 62, 136.76 W, 1290 MHz, 1728 MHz, 98 %
2026/10/02 03:40:02.651, 0, 55, 62, 134.46 W, 1320 MHz, 1728 MHz, 99 %
2026/10/02 03:40:02.651, 1, 56, 59, 142.24 W, 1320 MHz, 1458 MHz, 99 %
2026/10/02 03:40:02.651, 2, 51, 63, 132.51 W, 1335 MHz, 1458 MHz, 99 %
2026/10/02 03:40:02.652, 3, 52, 62, 139.43 W, 1290 MHz, 1728 MHz, 99 %
2026/10/02 03:40:03.652, 0, 55, 63, 140.10 W, 1290 MHz, 1728 MHz, 99 %
2026/10/02 03:40:03.652, 1, 56, 60, 143.40 W, 1305 MHz, 1458 MHz, 99 %
2026/10/02 03:40:03.652, 2, 51, 63, 135.43 W, 1305 MHz, 1458 MHz, 98 %
2026/10/02 03:40:03.652, 3, 52, 63, 144.59 W, 1290 MHz, 1728 MHz, 98 %
2026/10/02 03:40:04.652, 0, 54, 63, 74.80 W, 1470 MHz, 1728 MHz, 68 %
2026/10/02 03:40:04.652, 1, 55, 57, 69.16 W, 1395 MHz, 1458 MHz, 80 %
2026/10/02 03:40:04.652, 2, 50, 60, 56.72 W, 1395 MHz, 1458 MHz, 44 %
2026/10/02 03:40:04.652, 3, 52, 61, 63.76 W, 1455 MHz, 1728 MHz, 89 %
2026/10/02 03:40:05.652, 0, 56, 64, 139.45 W, 1335 MHz, 1728 MHz, 98 %
2026/10/02 03:40:05.653, 1, 56, 58, 141.76 W, 1350 MHz, 1458 MHz, 98 %
2026/10/02 03:40:05.653, 2, 51, 63, 146.28 W, 1350 MHz, 1458 MHz, 98 %
2026/10/02 03:40:05.653, 3, 53, 61, 132.68 W, 1335 MHz, 1728 MHz, 88 %
2026/10/02 03:40:06.653, 0, 56, 64, 144.15 W, 1275 MHz, 1728 MHz, 99 %
2026/10/02 03:40:06.653, 1, 57, 60, 143.30 W, 1290 MHz, 1458 MHz, 99 %
2026/10/02 03:40:06.653, 2, 51, 62, 140.13 W, 1275 MHz, 1458 MHz, 99 %
2026/10/02 03:40:06.653, 3, 53, 63, 144.18 W, 1260 MHz, 1728 MHz, 99 %
2026/10/02 03:40:07.653, 0, 56, 65, 143.87 W, 1260 MHz, 1728 MHz, 99 %
2026/10/02 03:40:07.653, 1, 57, 59, 136.25 W, 1260 MHz, 1458 MHz, 99 %
2026/10/02 03:40:07.653, 2, 51, 63, 144.27 W, 1260 MHz, 1458 MHz, 99 %
2026/10/02 03:40:07.653, 3, 53, 63, 138.14 W, 1245 MHz, 1728 MHz, 99 %
2026/10/02 03:40:08.653, 0, 56, 65, 139.48 W, 1230 MHz, 1728 MHz, 99 %
2026/10/02 03:40:08.654, 1, 57, 60, 140.23 W, 1245 MHz, 1458 MHz, 99 %
2026/10/02 03:40:08.654, 2, 52, 63, 143.38 W, 1230 MHz, 1458 MHz, 99 %
2026/10/02 03:40:08.654, 3, 53, 63, 134.62 W, 1245 MHz, 1728 MHz, 99 %
2026/10/02 03:40:09.654, 0, 57, 62, 140.72 W, 1455 MHz, 1728 MHz, 96 %
2026/10/02 03:40:09.654, 1, 57, 58, 117.21 W, 1410 MHz, 1458 MHz, 96 %
2026/10/02 03:40:09.654, 2, 52, 61, 112.48 W, 1410 MHz, 1458 MHz, 85 %
2026/10/02 03:40:09.654, 3, 53, 62, 128.95 W, 1470 MHz, 1728 MHz, 48 %
2026/10/02 03:40:10.654, 0, 56, 64, 140.74 W, 1260 MHz, 1728 MHz, 99 %
2026/10/02 03:40:10.654, 1, 57, 60, 126.87 W, 1260 MHz, 1458 MHz, 98 %
2026/10/02 03:40:10.654, 2, 52, 64, 133.40 W, 1260 MHz, 1458 MHz, 98 %
2026/10/02 03:40:10.654, 3, 53, 64, 145.68 W, 1275 MHz, 1728 MHz, 98 %
2026/10/02 03:40:11.655, 0, 56, 65, 124.72 W, 1230 MHz, 1728 MHz, 99 %
2026/10/02 03:40:11.655, 1, 57, 61, 135.30 W, 1245 MHz, 1458 MHz, 99 %
2026/10/02 03:40:11.655, 2, 52, 63, 147.52 W, 1245 MHz, 1458 MHz, 99 %
2026/10/02 03:40:11.655, 3, 53, 64, 128.65 W, 1260 MHz, 1728 MHz, 99 %
2026/10/02 03:40:12.655, 0, 56, 65, 133.06 W, 1185 MHz, 1728 MHz, 99 %
2026/10/02 03:40:12.655, 1, 57, 60, 141.09 W, 1275 MHz, 1458 MHz, 99 %
2026/10/02 03:40:12.655, 2, 52, 64, 135.28 W, 1245 MHz, 1458 MHz, 99 %
2026/10/02 03:40:12.655, 3, 53, 63, 137.67 W, 1245 MHz, 1728 MHz, 99 %
2026/10/02 03:40:13.655, 0, 56, 64, 134.80 W, 1185 MHz, 1728 MHz, 99 %
2026/10/02 03:40:13.655, 1, 58, 62, 141.34 W, 1245 MHz, 1458 MHz, 99 %
2026/10/02 03:40:13.655, 2, 52, 63, 132.72 W, 1230 MHz, 1458 MHz, 99 %
2026/10/02 03:40:13.656, 3, 54, 64, 151.92 W, 1230 MHz, 1728 MHz, 99 %
2026/10/02 03:40:14.656, 0, 57, 64, 140.63 W, 1320 MHz, 1728 MHz, 98 %
2026/10/02 03:40:14.656, 1, 58, 60, 140.03 W, 1350 MHz, 1458 MHz, 98 %
2026/10/02 03:40:14.656, 2, 52, 64, 134.00 W, 1365 MHz, 1458 MHz, 98 %
2026/10/02 03:40:14.656, 3, 54, 63, 136.32 W, 1335 MHz, 1728 MHz, 90 %
2026/10/02 03:40:15.656, 0, 57, 65, 144.12 W, 1275 MHz, 1728 MHz, 99 %
2026/10/02 03:40:15.656, 1, 58, 60, 136.42 W, 1290 MHz, 1458 MHz, 99 %
2026/10/02 03:40:15.656, 2, 53, 64, 133.01 W, 1260 MHz, 1458 MHz, 99 %
2026/10/02 03:40:15.656, 3, 54, 64, 142.36 W, 1260 MHz, 1728 MHz, 99 %
2026/10/02 03:40:16.656, 0, 57, 66, 145.82 W, 1245 MHz, 1728 MHz, 99 %
2026/10/02 03:40:16.657, 1, 58, 61, 130.57 W, 1245 MHz, 1458 MHz, 99 %
2026/10/02 03:40:16.657, 2, 53, 64, 133.74 W, 1215 MHz, 1458 MHz, 99 %
2026/10/02 03:40:16.657, 3, 54, 64, 140.26 W, 1215 MHz, 1728 MHz, 99 %
2026/10/02 03:40:17.657, 0, 57, 66, 144.83 W, 1230 MHz, 1728 MHz, 99 %
2026/10/02 03:40:17.657, 1, 58, 62, 146.04 W, 1245 MHz, 1458 MHz, 99 %
2026/10/02 03:40:17.657, 2, 53, 63, 139.79 W, 1215 MHz, 1458 MHz, 99 %
2026/10/02 03:40:17.657, 3, 54, 64, 129.80 W, 1215 MHz, 1728 MHz, 99 %
2026/10/02 03:40:18.657, 0, 58, 65, 164.35 W, 1335 MHz, 1728 MHz, 97 %
2026/10/02 03:40:18.657, 1, 58, 61, 149.20 W, 1335 MHz, 1458 MHz, 100 %
2026/10/02 03:40:18.657, 2, 53, 62, 143.50 W, 1335 MHz, 1458 MHz, 100 %
2026/10/02 03:40:18.657, 3, 55, 63, 155.24 W, 1350 MHz, 1728 MHz, 61 %
2026/10/02 03:40:19.658, 0, 57, 64, 143.77 W, 1275 MHz, 1728 MHz, 99 %
2026/10/02 03:40:19.658, 1, 58, 62, 128.76 W, 1260 MHz, 1458 MHz, 99 %
2026/10/02 03:40:19.658, 2, 53, 63, 141.59 W, 1275 MHz, 1458 MHz, 99 %
2026/10/02 03:40:19.658, 3, 54, 64, 140.17 W, 1260 MHz, 1728 MHz, 98 %
2026/10/02 03:40:20.658, 0, 57, 65, 149.06 W, 1215 MHz, 1728 MHz, 99 %
2026/10/02 03:40:20.658, 1, 59, 63, 149.59 W, 1215 MHz, 1458 MHz, 99 %
2026/10/02 03:40:20.658, 2, 53, 65, 131.86 W, 1230 MHz, 1458 MHz, 99 %
2026/10/02 03:40:20.658, 3, 54, 64, 129.65 W, 1215 MHz, 1728 MHz, 99 %
2026/10/02 03:40:21.658, 0, 58, 65, 141.47 W, 1215 MHz, 1728 MHz, 99 %
2026/10/02 03:40:21.658, 1, 59, 63, 132.62 W, 1275 MHz, 1458 MHz, 99 %
2026/10/02 03:40:21.658, 2, 53, 65, 141.19 W, 1245 MHz, 1458 MHz, 99 %
2026/10/02 03:40:21.658, 3, 55, 64, 144.60 W, 1245 MHz, 1728 MHz, 99 %
2026/10/02 03:40:22.659, 0, 57, 65, 66.31 W, 1440 MHz, 1728 MHz, 99 %
2026/10/02 03:40:22.659, 1, 58, 60, 64.02 W, 1395 MHz, 1458 MHz, 68 %
2026/10/02 03:40:22.659, 2, 53, 64, 57.10 W, 1395 MHz, 1458 MHz, 68 %
2026/10/02 03:40:22.659, 3, 54, 63, 143.61 W, 1440 MHz, 1728 MHz, 99 %
2026/10/02 03:40:23.659, 0, 58, 65, 142.64 W, 1320 MHz, 1728 MHz, 98 %
2026/10/02 03:40:23.659, 1, 59, 61, 140.54 W, 1335 MHz, 1458 MHz, 98 %
2026/10/02 03:40:23.659, 2, 54, 64, 132.94 W, 1350 MHz, 1458 MHz, 98 %
2026/10/02 03:40:23.659, 3, 55, 64, 144.20 W, 1335 MHz, 1728 MHz, 98 %
2026/10/02 03:40:24.659, 0, 58, 65, 129.21 W, 1215 MHz, 1728 MHz, 99 %
2026/10/02 03:40:24.659, 1, 59, 62, 146.58 W, 1245 MHz, 1458 MHz, 99 %
2026/10/02 03:40:24.659, 2, 54, 64, 143.31 W, 1275 MHz, 1458 MHz, 99 %
2026/10/02 03:40:24.660, 3, 55, 64, 128.35 W, 1230 MHz, 1728 MHz, 99 %
2026/10/02 03:40:25.660, 0, 58, 67, 131.74 W, 1230 MHz, 1728 MHz, 99 %
2026/10/02 03:40:25.660, 1, 59, 62, 144.24 W, 1260 MHz, 1458 MHz, 99 %
2026/10/02 03:40:25.660, 2, 54, 64, 136.52 W, 1260 MHz, 1458 MHz, 99 %
2026/10/02 03:40:25.660, 3, 55, 64, 134.04 W, 1245 MHz, 1728 MHz, 99 %
2026/10/02 03:40:26.660, 0, 58, 66, 138.27 W, 1170 MHz, 1728 MHz, 99 %
2026/10/02 03:40:26.660, 1, 59, 63, 138.21 W, 1245 MHz, 1458 MHz, 99 %
2026/10/02 03:40:26.660, 2, 54, 65, 138.73 W, 1215 MHz, 1458 MHz, 99 %
2026/10/02 03:40:26.660, 3, 55, 64, 145.38 W, 1200 MHz, 1728 MHz, 99 %
2026/10/02 03:40:27.660, 0, 58, 64, 70.88 W, 1410 MHz, 1728 MHz, 79 %
2026/10/02 03:40:27.661, 1, 59, 61, 95.97 W, 1395 MHz, 1458 MHz, 97 %
2026/10/02 03:40:27.661, 2, 53, 64, 79.99 W, 1410 MHz, 1458 MHz, 94 %
2026/10/02 03:40:27.661, 3, 55, 64, 134.18 W, 1395 MHz, 1728 MHz, 79 %
2026/10/02 03:40:28.661, 0, 58, 65, 127.90 W, 1275 MHz, 1728 MHz, 98 %
2026/10/02 03:40:28.661, 1, 60, 63, 139.96 W, 1335 MHz, 1458 MHz, 98 %
2026/10/02 03:40:28.661, 2, 54, 65, 139.31 W, 1350 MHz, 1458 MHz, 98 %
2026/10/02 03:40:28.661, 3, 55, 64, 132.40 W, 1335 MHz, 1728 MHz, 98 %
2026/10/02 03:40:29.661, 0, 58, 65, 135.48 W, 1230 MHz, 1728 MHz, 99 %
2026/10/02 03:40:29.661, 1, 60, 63, 134.24 W, 1290 MHz, 1458 MHz, 99 %
2026/10/02 03:40:29.661, 2, 54, 64, 136.65 W, 1290 MHz, 1458 MHz, 99 %
2026/10/02 03:40:29.661, 3, 55, 65, 141.55 W, 1260 MHz, 1728 MHz, 99 %
2026/10/02 03:40:30.662, 0, 59, 66, 148.77 W, 1185 MHz, 1728 MHz, 99 %
2026/10/02 03:40:30.662, 1, 60, 63, 144.64 W, 1215 MHz, 1458 MHz, 99 %
2026/10/02 03:40:30.662, 2, 54, 65, 144.48 W, 1230 MHz, 1458 MHz, 99 %
2026/10/02 03:40:30.662, 3, 55, 65, 141.09 W, 1185 MHz, 1728 MHz, 99 %
2026/10/02 03:40:31.662, 0, 59, 68, 130.38 W, 1170 MHz, 1728 MHz, 99 %
2026/10/02 03:40:31.662, 1, 60, 63, 128.50 W, 1185 MHz, 1458 MHz, 99 %
2026/10/02 03:40:31.662, 2, 54, 65, 131.70 W, 1185 MHz, 1458 MHz, 99 %
2026/10/02 03:40:31.662, 3, 56, 66, 135.78 W, 1170 MHz, 1728 MHz, 99 %
2026/10/02 03:40:32.662, 0, 59, 68, 135.82 W, 1200 MHz, 1728 MHz, 99 %
2026/10/02 03:40:32.662, 1, 60, 64, 132.93 W, 1170 MHz, 1458 MHz, 99 %
2026/10/02 03:40:32.663, 2, 55, 66, 147.20 W, 1305 MHz, 1458 MHz, 99 %
2026/10/02 03:40:32.663, 3, 56, 66, 142.54 W, 1185 MHz, 1728 MHz, 99 %
2026/10/02 03:40:33.663, 0, 59, 65, 136.06 W, 1470 MHz, 1728 MHz, 70 %
2026/10/02 03:40:33.663, 1, 60, 62, 112.59 W, 1410 MHz, 1458 MHz, 65 %
2026/10/02 03:40:33.663, 2, 54, 64, 113.26 W, 1410 MHz, 1458 MHz, 66 %
2026/10/02 03:40:33.663, 3, 56, 63, 120.60 W, 1470 MHz, 1728 MHz, 55 %
2026/10/02 03:40:34.663, 0, 59, 66, 137.06 W, 1275 MHz, 1728 MHz, 99 %
2026/10/02 03:40:34.663, 1, 61, 64, 132.80 W, 1305 MHz, 1458 MHz, 98 %
2026/10/02 03:40:34.663, 2, 55, 65, 141.35 W, 1320 MHz, 1458 MHz, 98 %
2026/10/02 03:40:34.663, 3, 56, 64, 144.22 W, 1305 MHz, 1728 MHz, 99 %
2026/10/02 03:40:35.663, 0, 59, 67, 133.72 W, 1200 MHz, 1728 MHz, 99 %
2026/10/02 03:40:35.664, 1, 61, 64, 154.46 W, 1245 MHz, 1458 MHz, 99 %
2026/10/02 03:40:35.664, 2, 55, 66, 139.38 W, 1275 MHz, 1458 MHz, 99 %
2026/10/02 03:40:35.664, 3, 56, 66, 137.80 W, 1245 MHz, 1728 MHz, 99 %
2026/10/02 03:40:36.664, 0, 59, 68, 128.71 W, 1200 MHz, 1728 MHz, 99 %
2026/10/02 03:40:36.664, 1, 61, 64, 135.29 W, 1215 MHz, 1458 MHz, 99 %
2026/10/02 03:40:36.664, 2, 55, 65, 125.95 W, 1215 MHz, 1458 MHz, 99 %
2026/10/02 03:40:36.664, 3, 56, 66, 136.80 W, 1215 MHz, 1728 MHz, 99 %
2026/10/02 03:40:37.664, 0, 59, 67, 126.69 W, 1170 MHz, 1728 MHz, 99 %
2026/10/02 03:40:37.664, 1, 61, 64, 132.80 W, 1245 MHz, 1458 MHz, 99 %
2026/10/02 03:40:37.664, 2, 55, 67, 140.78 W, 1200 MHz, 1458 MHz, 99 %
2026/10/02 03:40:37.664, 3, 56, 65, 142.57 W, 1170 MHz, 1728 MHz, 99 %
2026/10/02 03:40:38.665, 0, 59, 67, 136.42 W, 1170 MHz, 1728 MHz, 99 %
2026/10/02 03:40:38.665, 1, 61, 64, 143.65 W, 1215 MHz, 1458 MHz, 99 %
2026/10/02 03:40:38.665, 2, 55, 67, 141.75 W, 1245 MHz, 1458 MHz, 99 %
2026/10/02 03:40:38.665, 3, 56, 65, 134.48 W, 1155 MHz, 1728 MHz, 99 %
2026/10/02 03:40:39.665, 0, 60, 66, 141.72 W, 1470 MHz, 1728 MHz, 92 %
2026/10/02 03:40:39.665, 1, 61, 61, 114.71 W, 1410 MHz, 1458 MHz, 100 %
2026/10/02 03:40:39.665, 2, 55, 64, 116.57 W, 1410 MHz, 1458 MHz, 100 %
2026/10/02 03:40:39.665, 3, 56, 64, 129.89 W, 1470 MHz, 1728 MHz, 55 %
2026/10/02 03:40:40.665, 0, 60, 65, 143.02 W, 1290 MHz, 1728 MHz, 98 %
2026/10/02 03:40:40.666, 1, 61, 64, 143.33 W, 1290 MHz, 1458 MHz, 99 %
2026/10/02 03:40:40.666, 2, 55, 65, 141.69 W, 1305 MHz, 1458 MHz, 99 %
2026/10/02 03:40:40.666, 3, 57, 66, 139.99 W, 1290 MHz, 1728 MHz, 98 %
2026/10/02 03:40:41.666, 0, 60, 68, 141.03 W, 1260 MHz, 1728 MHz, 99 %
2026/10/02 03:40:41.666, 1, 61, 64, 129.88 W, 1275 MHz, 1458 MHz, 99 %
2026/10/02 03:40:41.666, 2, 55, 66, 135.40 W, 1275 MHz, 1458 MHz, 99 %
2026/10/02 03:40:41.666, 3, 57, 66, 135.15 W, 1275 MHz, 1728 MHz, 99 %
2026/10/02 03:40:42.666, 0, 60, 67, 139.72 W, 1170 MHz, 1728 MHz, 99 %
2026/10/02 03:40:42.666, 1, 61, 65, 123.05 W, 1230 MHz, 1458 MHz, 99 %
2026/10/02 03:40:42.666, 2, 55, 67, 137.83 W, 1200 MHz, 1458 MHz, 99 %
2026/10/02 03:40:42.666, 3, 57, 67, 142.01 W, 1230 MHz, 1728 MHz, 99 %
2026/10/02 03:40:43.667, 0, 60, 67, 133.21 W, 1200 MHz, 1728 MHz, 99 %
2026/10/02 03:40:43.667, 1, 61, 65, 125.12 W, 1170 MHz, 1458 MHz, 99 %
2026/10/02 03:40:43.667, 2, 56, 67, 149.84 W, 1215 MHz, 1458 MHz, 99 %
2026/10/02 03:40:43.667, 3, 57, 67, 131.67 W, 1170 MHz, 1728 MHz, 99 %
2026/10/02 03:40:44.667, 0, 60, 68, 136.93 W, 1170 MHz, 1728 MHz, 99 %
2026/10/02 03:40:44.667, 1, 62, 64, 147.81 W, 1185 MHz, 1458 MHz, 99 %
2026/10/02 03:40:44.667, 2, 55, 67, 145.67 W, 1185 MHz, 1458 MHz, 99 %
2026/10/02 03:40:44.667, 3, 57, 67, 131.69 W, 1170 MHz, 1728 MHz, 99 %
2026/10/02 03:40:45.667, 0, 61, 66, 141.21 W, 1305 MHz, 1728 MHz, 99 %
2026/10/02 03:40:45.667, 1, 62, 63, 140.29 W, 1320 MHz, 1458 MHz, 100 %
2026/10/02 03:40:45.667, 2, 56, 66, 140.82 W, 1335 MHz, 1458 MHz, 99 %
2026/10/02 03:40:45.668, 3, 57, 65, 139.77 W, 1335 MHz, 1728 MHz, 69 %
2026/10/02 03:40:46.668, 0, 60, 68, 140.55 W, 1245 MHz, 1728 MHz, 99 %
2026/10/02 03:40:46.668, 1, 62, 64, 145.55 W, 1275 MHz, 1458 MHz, 99 %
2026/10/02 03:40:46.668, 2, 56, 66, 138.56 W, 1275 MHz, 1458 MHz, 99 %
2026/10/02 03:40:46.668, 3, 57, 66, 140.30 W, 1275 MHz, 1728 MHz, 99 %
2026/10/02 03:40:47.668, 0, 60, 68, 132.09 W, 1230 MHz, 1728 MHz, 99 %
2026/10/02 03:40:47.668, 1, 62, 64, 133.68 W, 1245 MHz, 1458 MHz, 99 %
2026/10/02 03:40:47.668, 2, 56, 66, 140.57 W, 1215 MHz, 1458 MHz, 99 %
2026/10/02 03:40:47.668, 3, 57, 67, 139.87 W, 1230 MHz, 1728 MHz, 99 %
2026/10/02 03:40:48.668, 0, 60, 69, 135.54 W, 1215 MHz, 1728 MHz, 99 %
2026/10/02 03:40:48.669, 1, 62, 65, 142.62 W, 1185 MHz, 1458 MHz, 99 %
2026/10/02 03:40:48.669, 2, 56, 67, 143.45 W, 1215 MHz, 1458 MHz, 99 %
2026/10/02 03:40:48.669, 3, 57, 66, 142.71 W, 1185 MHz, 1728 MHz, 99 %
2026/10/02 03:40:49.669, 0, 61, 68, 129.48 W, 1230 MHz, 1728 MHz, 99 %
2026/10/02 03:40:49.669, 1, 62, 66, 125.48 W, 1185 MHz, 1458 MHz, 99 %
2026/10/02 03:40:49.669, 2, 56, 67, 143.67 W, 1230 MHz, 1458 MHz, 99 %
2026/10/02 03:40:49.669, 3, 57, 68, 139.88 W, 1185 MHz, 1728 MHz, 99 %
2026/10/02 03:40:50.669, 0, 60, 69, 135.33 W, 1200 MHz, 1728 MHz, 99 %
2026/10/02 03:40:50.669, 1, 62, 65, 138.27 W, 1200 MHz, 1458 MHz, 99 %
2026/10/02 03:40:50.669, 2, 56, 68, 137.51 W, 1215 MHz, 1458 MHz, 99 %
2026/10/02 03:40:50.669, 3, 57, 66, 134.40 W, 1185 MHz, 1728 MHz, 99 %
2026/10/02 03:40:51.670, 0, 61, 68, 130.41 W, 1290 MHz, 1728 MHz, 99 %
2026/10/02 03:40:51.670, 1, 62, 64, 128.79 W, 1320 MHz, 1458 MHz, 99 %
2026/10/02 03:40:51.670, 2, 56, 66, 137.09 W, 1335 MHz, 1458 MHz, 99 %
2026/10/02 03:40:51.670, 3, 58, 67, 130.28 W, 1320 MHz, 1728 MHz, 98 %
2026/10/02 03:40:52.670, 0, 61, 67, 133.67 W, 1260 MHz, 1728 MHz, 99 %
2026/10/02 03:40:52.670, 1, 63, 64, 146.02 W, 1230 MHz, 1458 MHz, 99 %
2026/10/02 03:40:52.670, 2, 56, 66, 144.21 W, 1260 MHz, 1458 MHz, 99 %
2026/10/02 03:40:52.670, 3, 58, 66, 147.30 W, 1260 MHz, 1728 MHz, 99 %
2026/10/02 03:40:53.670, 0, 61, 69, 141.74 W, 1185 MHz, 1728 MHz, 99 %
2026/10/02 03:40:53.671, 1, 63, 65, 139.72 W, 1185 MHz, 1458 MHz, 99 %
2026/10/02 03:40:53.671, 2, 56, 66, 141.32 W, 1215 MHz, 1458 MHz, 99 %
2026/10/02 03:40:53.671, 3, 58, 66, 134.71 W, 1170 MHz, 1728 MHz, 99 %
2026/10/02 03:40:54.671, 0, 61, 68, 132.37 W, 1215 MHz, 1728 MHz, 99 %
2026/10/02 03:40:54.671, 1, 63, 66, 135.08 W, 1170 MHz, 1458 MHz, 99 %
2026/10/02 03:40:54.671, 2, 56, 67, 132.90 W, 1230 MHz, 1458 MHz, 99 %
2026/10/02 03:40:54.671, 3, 58, 68, 136.74 W, 1200 MHz, 1728 MHz, 99 %
2026/10/02 03:40:55.671, 0, 61, 70, 148.23 W, 1170 MHz, 1728 MHz, 99 %
2026/10/02 03:40:55.671, 1, 63, 66, 130.67 W, 1200 MHz, 1458 MHz, 99 %
2026/10/02 03:40:55.671, 2, 57, 67, 139.26 W, 1215 MHz, 1458 MHz, 99 %
2026/10/02 03:40:55.671, 3, 58, 67, 144.37 W, 1200 MHz, 1728 MHz, 99 %
2026/10/02 03:40:56.671, 0, 61, 70, 138.24 W, 1185 MHz, 1728 MHz, 99 %
2026/10/02 03:40:56.672, 1, 63, 67, 142.10 W, 1260 MHz, 1458 MHz, 100 %
2026/10/02 03:40:56.672, 2, 57, 67, 138.53 W, 1245 MHz, 1458 MHz, 100 %
2026/10/02 03:40:56.672, 3, 58, 68, 137.59 W, 1230 MHz, 1728 MHz, 99 %
