timestamp, index, temperature.gpu, power.draw [W], clocks.current.sm [MHz], utilization.gpu [%], memory.used [MiB]
2026/10/03 13:21:13.401, 0, 50, 46.48 W, 1140 MHz, 0 %, 61070 MiB
2026/10/03 13:21:13.412, 1, 55, 47.01 W, 1140 MHz, 0 %, 61086 MiB
2026/10/03 13:21:13.421, 2, 45, 42.67 W, 1140 MHz, 0 %, 61070 MiB
2026/10/03 13:21:13.430, 3, 46, 41.65 W, 1140 MHz, 0 %, 61086 MiB
2026/10/03 13:21:15.440, 0, 51, 57.22 W, 1410 MHz, 0 %, 61070 MiB
2026/10/03 13:21:15.440, 1, 57, 67.70 W, 1410 MHz, 5 %, 61086 MiB
2026/10/03 13:21:15.441, 2, 45, 51.59 W, 1215 MHz, 0 %, 61070 MiB
2026/10/03 13:21:15.441, 3, 46, 60.59 W, 1410 MHz, 7 %, 61086 MiB
2026/10/03 13:21:17.441, 0, 52, 91.56 W, 1410 MHz, 99 %, 61070 MiB
2026/10/03 13:21:17.441, 1, 58, 110.01 W, 1410 MHz, 100 %, 61086 MiB
2026/10/03 13:21:17.442, 2, 47, 107.88 W, 1410 MHz, 56 %, 61070 MiB
2026/10/03 13:21:17.442, 3, 48, 83.70 W, 1410 MHz, 97 %, 61086 MiB
2026/10/03 13:21:19.442, 0, 51, 49.26 W, 1140 MHz, 0 %, 61070 MiB
2026/10/03 13:21:19.442, 1, 56, 67.89 W, 1140 MHz, 13 %, 61086 MiB
2026/10/03 13:21:19.443, 2, 46, 62.04 W, 1140 MHz, 0 %, 61070 MiB
2026/10/03 13:21:19.443, 3, 47, 70.96 W, 1140 MHz, 0 %, 61086 MiB
2026/10/03 13:21:21.443, 0, 50, 49.07 W, 1140 MHz, 0 %, 61070 MiB
2026/10/03 13:21:21.443, 1, 55, 50.01 W, 1140 MHz, 4 %, 61086 MiB
2026/10/03 13:21:21.444, 2, 45, 45.75 W, 1140 MHz, 0 %, 61070 MiB
2026/10/03 13:21:21.444, 3, 46, 66.18 W, 1140 MHz, 1 %, 61086 MiB
2026/10/03 13:21:23.444, 0, 50, 48.97 W, 1140 MHz, 34 %, 61070 MiB
2026/10/03 13:21:23.445, 1, 55, 50.02 W, 1140 MHz, 3 %, 61086 MiB
2026/10/03 13:21:23.445, 2, 45, 45.65 W, 1140 MHz, 16 %, 61070 MiB
2026/10/03 13:21:23.445, 3, 46, 64.84 W, 1140 MHz, 3 %, 61086 MiB
2026/10/03 13:21:25.445, 0, 50, 48.97 W, 1140 MHz, 30 %, 61070 MiB
2026/10/03 13:21:25.445, 1, 55, 50.01 W, 1140 MHz, 0 %, 61086 MiB
2026/10/03 13:21:25.446, 2, 46, 61.83 W, 1140 MHz, 25 %, 61070 MiB
2026/10/03 13:21:25.446, 3, 46, 44.45 W, 1140 MHz, 13 %, 61086 MiB
2026/10/03 13:21:27.446, 0, 51, 65.72 W, 1140 MHz, 5 %, 61070 MiB
2026/10/03 13:21:27.447, 1, 56, 50.01 W, 1140 MHz, 0 %, 61086 MiB
2026/10/03 13:21:27.447, 2, 45, 73.27 W, 1140 MHz, 34 %, 61070 MiB
2026/10/03 13:21:27.447, 3, 46, 68.19 W, 1140 MHz, 33 %, 61086 MiB
2026/10/03 13:21:29.447, 0, 51, 72.32 W, 1140 MHz, 0 %, 61070 MiB
2026/10/03 13:21:29.448, 1, 55, 64.33 W, 1140 MHz, 0 %, 61086 MiB
2026/10/03 13:21:29.448, 2, 45, 57.15 W, 1140 MHz, 34 %, 61070 MiB
2026/10/03 13:21:29.448, 3, 46, 69.20 W, 1140 MHz, 34 %, 61086 MiB
2026/10/03 13:21:31.448, 0, 51, 48.97 W, 1140 MHz, 0 %, 61070 MiB
2026/10/03 13:21:31.449, 1, 56, 72.37 W, 1140 MHz, 0 %, 61086 MiB
2026/10/03 13:21:31.449, 2, 45, 47.78 W, 1140 MHz, 34 %, 61070 MiB
2026/10/03 13:21:31.449, 3, 46, 55.76 W, 1140 MHz, 34 %, 61086 MiB
2026/10/03 13:21:33.449, 0, 51, 49.07 W, 1140 MHz, 0 %, 61070 MiB
2026/10/03 13:21:33.450, 1, 56, 71.50 W, 1140 MHz, 0 %, 61086 MiB
2026/10/03 13:21:33.450, 2, 45, 48.35 W, 1140 MHz, 34 %, 61070 MiB
2026/10/03 13:21:33.450, 3, 46, 58.11 W, 1140 MHz, 33 %, 61086 MiB
2026/10/03 13:21:35.450, 0, 51, 48.97 W, 1140 MHz, 0 %, 61070 MiB
2026/10/03 13:21:35.451, 1, 55, 50.01 W, 1140 MHz, 0 %, 61086 MiB
2026/10/03 13:21:35.451, 2, 45, 47.57 W, 1140 MHz, 0 %, 61070 MiB
2026/10/03 13:21:35.451, 3, 46, 53.30 W, 1140 MHz, 34 %, 61086 MiB
2026/10/03 13:21:37.451, 0, 51, 50.31 W, 1140 MHz, 0 %, 61070 MiB
2026/10/03 13:21:37.452, 1, 56, 50.01 W, 1140 MHz, 0 %, 61086 MiB
2026/10/03 13:21:37.452, 2, 45, 45.84 W, 1140 MHz, 0 %, 61070 MiB
2026/10/03 13:21:37.452, 3, 46, 44.92 W, 1140 MHz, 0 %, 61086 MiB
2026/10/03 13:21:39.452, 0, 51, 63.91 W, 1140 MHz, 0 %, 61070 MiB
2026/10/03 13:21:39.453, 1, 56, 50.01 W, 1140 MHz, 0 %, 61086 MiB
2026/10/03 13:21:39.453, 2, 45, 45.65 W, 1140 MHz, 0 %, 61070 MiB
2026/10/03 13:21:39.453, 3, 46, 44.62 W, 1140 MHz, 0 %, 61086 MiB
2026/10/03 13:21:41.454, 0, 51, 69.71 W, 1140 MHz, 0 %, 61070 MiB
2026/10/03 13:21:41.454, 1, 56, 50.76 W, 1140 MHz, 0 %, 61086 MiB
2026/10/03 13:21:41.454, 2, 45, 54.82 W, 1140 MHz, 7 %, 61070 MiB
2026/10/03 13:21:41.454, 3, 46, 44.34 W, 1140 MHz, 0 %, 61086 MiB
2026/10/03 13:21:43.455, 0, 51, 72.48 W, 1140 MHz, 0 %, 61070 MiB
2026/10/03 13:21:43.455, 1, 56, 71.21 W, 1140 MHz, 0 %, 61086 MiB
2026/10/03 13:21:43.455, 2, 45, 49.43 W, 1140 MHz, 13 %, 61070 MiB
2026/10/03 13:21:43.455, 3, 46, 57.82 W, 1140 MHz, 4 %, 61086 MiB
2026/10/03 13:21:45.456, 0, 51, 52.03 W, 1140 MHz, 0 %, 61070 MiB
2026/10/03 13:21:45.456, 1, 55, 50.11 W, 1140 MHz, 35 %, 61086 MiB
2026/10/03 13:21:45.456, 2, 45, 45.84 W, 1140 MHz, 33 %, 61070 MiB
2026/10/03 13:21:45.456, 3, 46, 45.21 W, 1140 MHz, 23 %, 61086 MiB
2026/10/03 13:21:47.457, 0, 50, 49.17 W, 1140 MHz, 0 %, 61070 MiB
2026/10/03 13:21:47.457, 1, 55, 50.01 W, 1140 MHz, 8 %, 61086 MiB
2026/10/03 13:21:47.457, 2, 45, 45.56 W, 1140 MHz, 33 %, 61070 MiB
2026/10/03 13:21:47.457, 3, 46, 44.44 W, 1140 MHz, 33 %, 61086 MiB
2026/10/03 13:21:49.458, 0, 53, 89.22 W, 1410 MHz, 98 %, 61070 MiB
2026/10/03 13:21:49.458, 1, 58, 108.56 W, 1410 MHz, 98 %, 61086 MiB
2026/10/03 13:21:49.458, 2, 49, 108.04 W, 1410 MHz, 99 %, 61070 MiB
2026/10/03 13:21:49.458, 3, 48, 84.66 W, 1410 MHz, 96 %, 61086 MiB
2026/10/03 13:21:51.459, 0, 53, 86.46 W, 1410 MHz, 98 %, 61070 MiB
2026/10/03 13:21:51.459, 1, 59, 112.62 W, 1410 MHz, 98 %, 61086 MiB
2026/10/03 13:21:51.459, 2, 49, 110.37 W, 1410 MHz, 98 %, 61070 MiB
2026/10/03 13:21:51.459, 3, 48, 80.47 W, 1410 MHz, 97 %, 61086 MiB
2026/10/03 13:21:53.460, 0, 53, 87.21 W, 1410 MHz, 98 %, 61070 MiB
2026/10/03 13:21:53.460, 1, 59, 107.22 W, 1410 MHz, 98 %, 61086 MiB
2026/10/03 13:21:53.460, 2, 50, 114.54 W, 1410 MHz, 98 %, 61070 MiB
2026/10/03 13:21:53.460, 3, 49, 81.31 W, 1410 MHz, 97 %, 61086 MiB
2026/10/03 13:21:55.461, 0, 54, 88.42 W, 1410 MHz, 98 %, 61070 MiB
2026/10/03 13:21:55.461, 1, 60, 112.14 W, 1410 MHz, 98 %, 61086 MiB
2026/10/03 13:21:55.461, 2, 50, 107.26 W, 1410 MHz, 98 %, 61070 MiB
2026/10/03 13:21:55.461, 3, 49, 81.62 W, 1410 MHz, 97 %, 61086 MiB
2026/10/03 13:21:57.462, 0, 52, 54.53 W, 1410 MHz, 4 %, 61070 MiB
2026/10/03 13:21:57.462, 1, 58, 91.04 W, 1410 MHz, 3 %, 61086 MiB
2026/10/03 13:21:57.462, 2, 49, 85.29 W, 1410 MHz, 29 %, 61070 MiB
2026/10/03 13:21:57.462, 3, 48, 72.57 W, 1410 MHz, 22 %, 61086 MiB
2026/10/03 13:21:59.462, 0, 52, 54.53 W, 1140 MHz, 0 %, 61070 MiB
2026/10/03 13:21:59.463, 1, 57, 48.26 W, 1140 MHz, 0 %, 61086 MiB
2026/10/03 13:21:59.463, 2, 47, 58.65 W, 1410 MHz, 0 %, 61070 MiB
2026/10/03 13:21:59.463, 3, 47, 47.82 W, 1410 MHz, 0 %, 61086 MiB
2026/10/03 13:22:01.464, 0, 52, 58.20 W, 1410 MHz, 31 %, 61070 MiB
2026/10/03 13:22:01.464, 1, 58, 69.03 W, 1410 MHz, 24 %, 61086 MiB
2026/10/03 13:22:01.464, 2, 48, 63.65 W, 1410 MHz, 0 %, 61070 MiB
2026/10/03 13:22:01.464, 3, 47, 51.38 W, 1410 MHz, 0 %, 61086 MiB
2026/10/03 13:22:03.465, 0, 53, 86.52 W, 1410 MHz, 86 %, 61070 MiB
2026/10/03 13:22:03.465, 1, 59, 115.35 W, 1410 MHz, 44 %, 61086 MiB
2026/10/03 13:22:03.465, 2, 49, 89.41 W, 1410 MHz, 72 %, 61070 MiB
2026/10/03 13:22:03.465, 3, 48, 81.61 W, 1410 MHz, 82 %, 61086 MiB
2026/10/03 13:22:05.466, 0, 52, 58.07 W, 1410 MHz, 2 %, 61070 MiB
2026/10/03 13:22:05.466, 1, 58, 70.20 W, 1410 MHz, 29 %, 61086 MiB
2026/10/03 13:22:05.466, 2, 48, 63.84 W, 1410 MHz, 29 %, 61070 MiB
2026/10/03 13:22:05.466, 3, 48, 51.67 W, 1410 MHz, 29 %, 61086 MiB
2026/10/03 13:22:07.467, 0, 52, 60.28 W, 1410 MHz, 45 %, 61070 MiB
2026/10/03 13:22:07.467, 1, 58, 69.23 W, 1410 MHz, 61 %, 61086 MiB
2026/10/03 13:22:07.467, 2, 48, 63.94 W, 1410 MHz, 29 %, 61070 MiB
2026/10/03 13:22:07.467, 3, 48, 52.41 W, 1410 MHz, 35 %, 61086 MiB
2026/10/03 13:22:09.468, 0, 54, 93.61 W, 1410 MHz, 98 %, 61070 MiB
2026/10/03 13:22:09.468, 1, 60, 121.57 W, 1410 MHz, 99 %, 61086 MiB
2026/10/03 13:22:09.468, 2, 51, 104.65 W, 1410 MHz, 99 %, 61070 MiB
2026/10/03 13:22:09.468, 3, 49, 89.41 W, 1410 MHz, 97 %, 61086 MiB
2026/10/03 13:22:11.469, 0, 54, 91.48 W, 1410 MHz, 98 %, 61070 MiB
2026/10/03 13:22:11.469, 1, 60, 111.38 W, 1410 MHz, 99 %, 61086 MiB
2026/10/03 13:22:11.469, 2, 51, 104.61 W, 1410 MHz, 99 %, 61070 MiB
2026/10/03 13:22:11.469, 3, 49, 90.55 W, 1410 MHz, 97 %, 61086 MiB
2026/10/03 13:22:13.470, 0, 53, 77.91 W, 1410 MHz, 0 %, 61070 MiB
2026/10/03 13:22:13.470, 1, 60, 69.91 W, 1410 MHz, 1 %, 61086 MiB
2026/10/03 13:22:13.470, 2, 50, 109.59 W, 1410 MHz, 0 %, 61070 MiB
2026/10/03 13:22:13.470, 3, 49, 81.74 W, 1410 MHz, 0 %, 61086 MiB
2026/10/03 13:22:15.471, 0, 52, 49.93 W, 1140 MHz, 34 %, 61070 MiB
2026/10/03 13:22:15.471, 1, 58, 53.08 W, 1140 MHz, 34 %, 61086 MiB
2026/10/03 13:22:15.471, 2, 48, 46.62 W, 1140 MHz, 0 %, 61070 MiB
2026/10/03 13:22:15.471, 3, 48, 45.02 W, 1140 MHz, 0 %, 61086 MiB
2026/10/03 13:22:17.472, 0, 52, 49.83 W, 1140 MHz, 35 %, 61070 MiB
2026/10/03 13:22:17.472, 1, 58, 51.25 W, 1140 MHz, 17 %, 61086 MiB
2026/10/03 13:22:17.472, 2, 48, 46.53 W, 1140 MHz, 35 %, 61070 MiB
2026/10/03 13:22:17.472, 3, 47, 45.02 W, 1140 MHz, 34 %, 61086 MiB
2026/10/03 13:22:19.473, 0, 52, 49.64 W, 1140 MHz, 0 %, 61070 MiB
2026/10/03 13:22:19.473, 1, 57, 51.07 W, 1140 MHz, 0 %, 61086 MiB
2026/10/03 13:22:19.473, 2, 47, 46.33 W, 1140 MHz, 0 %, 61070 MiB
2026/10/03 13:22:19.473, 3, 47, 44.82 W, 1140 MHz, 1 %, 61086 MiB
2026/10/03 13:22:21.474, 0, 52, 49.74 W, 1140 MHz, 35 %, 61070 MiB
2026/10/03 13:22:21.474, 1, 57, 51.06 W, 1140 MHz, 8 %, 61086 MiB
2026/10/03 13:22:21.474, 2, 47, 46.33 W, 1140 MHz, 35 %, 61070 MiB
2026/10/03 13:22:21.475, 3, 47, 44.92 W, 1140 MHz, 34 %, 61086 MiB
2026/10/03 13:22:23.475, 0, 52, 49.64 W, 1140 MHz, 0 %, 61070 MiB
2026/10/03 13:22:23.475, 1, 57, 50.96 W, 1140 MHz, 0 %, 61086 MiB
2026/10/03 13:22:23.475, 2, 47, 46.33 W, 1140 MHz, 4 %, 61070 MiB
2026/10/03 13:22:23.476, 3, 47, 44.82 W, 1140 MHz, 6 %, 61086 MiB
2026/10/03 13:22:25.476, 0, 52, 50.91 W, 1140 MHz, 35 %, 61070 MiB
2026/10/03 13:22:25.476, 1, 57, 51.06 W, 1140 MHz, 35 %, 61086 MiB
2026/10/03 13:22:25.476, 2, 47, 46.54 W, 1140 MHz, 30 %, 61070 MiB
2026/10/03 13:22:25.477, 3, 47, 45.21 W, 1140 MHz, 28 %, 61086 MiB
2026/10/03 13:22:27.477, 0, 51, 49.55 W, 1140 MHz, 0 %, 61070 MiB
2026/10/03 13:22:27.477, 1, 57, 50.96 W, 1140 MHz, 35 %, 61086 MiB
2026/10/03 13:22:27.477, 2, 47, 46.33 W, 1140 MHz, 16 %, 61070 MiB
2026/10/03 13:22:27.478, 3, 47, 44.82 W, 1140 MHz, 17 %, 61086 MiB
2026/10/03 13:22:29.478, 0, 51, 49.64 W, 1140 MHz, 11 %, 61070 MiB
2026/10/03 13:22:29.478, 1, 57, 50.96 W, 1140 MHz, 34 %, 61086 MiB
2026/10/03 13:22:29.479, 2, 47, 46.33 W, 1140 MHz, 34 %, 61070 MiB
2026/10/03 13:22:29.479, 3, 47, 44.72 W, 1140 MHz, 34 %, 61086 MiB
2026/10/03 13:22:31.479, 0, 52, 49.55 W, 1140 MHz, 6 %, 61070 MiB
2026/10/03 13:22:31.480, 1, 58, 50.86 W, 1140 MHz, 0 %, 61086 MiB
2026/10/03 13:22:31.480, 2, 47, 64.60 W, 1140 MHz, 0 %, 61070 MiB
2026/10/03 13:22:31.480, 3, 47, 55.34 W, 1140 MHz, 0 %, 61086 MiB
2026/10/03 13:22:33.480, 0, 51, 49.64 W, 1140 MHz, 12 %, 61070 MiB
2026/10/03 13:22:33.481, 1, 57, 50.96 W, 1140 MHz, 35 %, 61086 MiB
2026/10/03 13:22:33.481, 2, 47, 46.24 W, 1140 MHz, 36 %, 61070 MiB
2026/10/03 13:22:33.481, 3, 47, 44.82 W, 1140 MHz, 35 %, 61086 MiB
2026/10/03 13:22:35.481, 0, 52, 49.55 W, 1140 MHz, 9 %, 61070 MiB
2026/10/03 13:22:35.482, 1, 57, 50.87 W, 1140 MHz, 0 %, 61086 MiB
2026/10/03 13:22:35.482, 2, 47, 46.14 W, 1140 MHz, 0 %, 61070 MiB
2026/10/03 13:22:35.482, 3, 47, 44.72 W, 1140 MHz, 0 %, 61086 MiB
2026/10/03 13:22:37.482, 0, 52, 71.07 W, 1140 MHz, 34 %, 61070 MiB
2026/10/03 13:22:37.483, 1, 58, 68.63 W, 1140 MHz, 0 %, 61086 MiB
2026/10/03 13:22:37.483, 2, 48, 46.14 W, 1140 MHz, 2 %, 61070 MiB
2026/10/03 13:22:37.483, 3, 48, 44.72 W, 1140 MHz, 0 %, 61086 MiB
2026/10/03 13:22:39.483, 0, 52, 71.48 W, 1140 MHz, 34 %, 61070 MiB
2026/10/03 13:22:39.484, 1, 58, 75.10 W, 1140 MHz, 35 %, 61086 MiB
2026/10/03 13:22:39.484, 2, 48, 47.40 W, 1170 MHz, 32 %, 61070 MiB
2026/10/03 13:22:39.484, 3, 48, 44.82 W, 1155 MHz, 32 %, 61086 MiB
2026/10/03 13:22:41.484, 0, 51, 49.55 W, 1140 MHz, 34 %, 61070 MiB
2026/10/03 13:22:41.485, 1, 57, 50.88 W, 1140 MHz, 13 %, 61086 MiB
2026/10/03 13:22:41.485, 2, 47, 46.14 W, 1140 MHz, 0 %, 61070 MiB
2026/10/03 13:22:41.485, 3, 47, 44.72 W, 1140 MHz, 0 %, 61086 MiB
2026/10/03 13:22:43.485, 0, 51, 49.55 W, 1140 MHz, 24 %, 61070 MiB
2026/10/03 13:22:43.486, 1, 57, 50.76 W, 1140 MHz, 0 %, 61086 MiB
2026/10/03 13:22:43.486, 2, 47, 46.14 W, 1140 MHz, 0 %, 61070 MiB
2026/10/03 13:22:43.486, 3, 47, 44.72 W, 1140 MHz, 0 %, 61086 MiB
2026/10/03 13:22:45.486, 0, 51, 70.99 W, 1140 MHz, 0 %, 61070 MiB
2026/10/03 13:22:45.487, 1, 57, 54.53 W, 1140 MHz, 8 %, 61086 MiB
2026/10/03 13:22:45.487, 2, 47, 69.19 W, 1140 MHz, 35 %, 61070 MiB
2026/10/03 13:22:45.487, 3, 47, 70.46 W, 1140 MHz, 34 %, 61086 MiB
2026/10/03 13:22:47.487, 0, 51, 49.55 W, 1140 MHz, 36 %, 61070 MiB
2026/10/03 13:22:47.488, 1, 57, 50.78 W, 1140 MHz, 16 %, 61086 MiB
2026/10/03 13:22:47.488, 2, 47, 46.14 W, 1140 MHz, 0 %, 61070 MiB
2026/10/03 13:22:47.488, 3, 47, 44.72 W, 1140 MHz, 0 %, 61086 MiB
2026/10/03 13:22:49.488, 0, 51, 49.55 W, 1140 MHz, 35 %, 61070 MiB
2026/10/03 13:22:49.489, 1, 57, 50.96 W, 1140 MHz, 35 %, 61086 MiB
2026/10/03 13:22:49.489, 2, 47, 46.14 W, 1140 MHz, 15 %, 61070 MiB
2026/10/03 13:22:49.489, 3, 47, 44.72 W, 1140 MHz, 13 %, 61086 MiB
2026/10/03 13:22:51.489, 0, 51, 49.64 W, 1140 MHz, 34 %, 61070 MiB
2026/10/03 13:22:51.490, 1, 57, 51.16 W, 1140 MHz, 34 %, 61086 MiB
2026/10/03 13:22:51.490, 2, 47, 46.14 W, 1140 MHz, 8 %, 61070 MiB
2026/10/03 13:22:51.490, 3, 47, 44.83 W, 1140 MHz, 6 %, 61086 MiB
2026/10/03 13:22:53.491, 0, 51, 49.45 W, 1140 MHz, 0 %, 61070 MiB
2026/10/03 13:22:53.491, 1, 57, 50.67 W, 1140 MHz, 0 %, 61086 MiB
2026/10/03 13:22:53.491, 2, 47, 46.14 W, 1140 MHz, 0 %, 61070 MiB
2026/10/03 13:22:53.491, 3, 47, 44.63 W, 1140 MHz, 0 %, 61086 MiB
2026/10/03 13:22:55.492, 0, 51, 49.55 W, 1140 MHz, 36 %, 61070 MiB
2026/10/03 13:22:55.492, 1, 57, 50.88 W, 1140 MHz, 36 %, 61086 MiB
2026/10/03 13:22:55.492, 2, 47, 46.54 W, 1140 MHz, 24 %, 61070 MiB
2026/10/03 13:22:55.492, 3, 47, 45.21 W, 1140 MHz, 22 %, 61086 MiB
2026/10/03 13:22:57.493, 0, 51, 49.64 W, 1140 MHz, 31 %, 61070 MiB
2026/10/03 13:22:57.493, 1, 57, 52.31 W, 1140 MHz, 34 %, 61086 MiB
2026/10/03 13:22:57.493, 2, 47, 62.70 W, 1140 MHz, 0 %, 61070 MiB
2026/10/03 13:22:57.493, 3, 47, 60.24 W, 1140 MHz, 0 %, 61086 MiB
2026/10/03 13:22:59.494, 0, 51, 49.55 W, 1140 MHz, 35 %, 61070 MiB
2026/10/03 13:22:59.494, 1, 57, 50.86 W, 1140 MHz, 35 %, 61086 MiB
2026/10/03 13:22:59.494, 2, 47, 46.24 W, 1140 MHz, 33 %, 61070 MiB
2026/10/03 13:22:59.494, 3, 47, 44.93 W, 1140 MHz, 30 %, 61086 MiB
2026/10/03 13:23:01.495, 0, 51, 59.23 W, 1140 MHz, 0 %, 61070 MiB
2026/10/03 13:23:01.495, 1, 57, 50.69 W, 1140 MHz, 0 %, 61086 MiB
2026/10/03 13:23:01.495, 2, 47, 46.14 W, 1140 MHz, 0 %, 61070 MiB
2026/10/03 13:23:01.495, 3, 47, 44.72 W, 1140 MHz, 0 %, 61086 MiB
2026/10/03 13:23:03.496, 0, 51, 49.55 W, 1140 MHz, 0 %, 61070 MiB
2026/10/03 13:23:03.496, 1, 57, 50.67 W, 1140 MHz, 0 %, 61086 MiB
2026/10/03 13:23:03.496, 2, 47, 46.15 W, 1140 MHz, 6 %, 61070 MiB
2026/10/03 13:23:03.496, 3, 47, 44.63 W, 1140 MHz, 8 %, 61086 MiB
2026/10/03 13:23:05.497, 0, 51, 49.55 W, 1140 MHz, 24 %, 61070 MiB
2026/10/03 13:23:05.497, 1, 57, 50.76 W, 1140 MHz, 34 %, 61086 MiB
2026/10/03 13:23:05.497, 2, 47, 46.05 W, 1140 MHz, 34 %, 61070 MiB
2026/10/03 13:23:05.497, 3, 47, 44.72 W, 1140 MHz, 34 %, 61086 MiB
2026/10/03 13:23:07.498, 0, 52, 57.99 W, 1410 MHz, 15 %, 61070 MiB
2026/10/03 13:23:07.498, 1, 58, 69.12 W, 1410 MHz, 29 %, 61086 MiB
2026/10/03 13:23:07.498, 2, 48, 63.65 W, 1410 MHz, 29 %, 61070 MiB
2026/10/03 13:23:07.498, 3, 47, 51.48 W, 1410 MHz, 29 %, 61086 MiB
2026/10/03 13:23:09.499, 0, 52, 58.18 W, 1410 MHz, 24 %, 61070 MiB
2026/10/03 13:23:09.499, 1, 58, 70.20 W, 1410 MHz, 30 %, 61086 MiB
2026/10/03 13:23:09.499, 2, 48, 63.55 W, 1410 MHz, 30 %, 61070 MiB
2026/10/03 13:23:09.500, 3, 47, 51.49 W, 1410 MHz, 29 %, 61086 MiB
2026/10/03 13:23:11.500, 0, 52, 58.10 W, 1410 MHz, 4 %, 61070 MiB
2026/10/03 13:23:11.500, 1, 57, 50.86 W, 1140 MHz, 32 %, 61086 MiB
2026/10/03 13:23:11.500, 2, 47, 53.76 W, 1290 MHz, 32 %, 61070 MiB
2026/10/03 13:23:11.501, 3, 47, 46.37 W, 1290 MHz, 31 %, 61086 MiB
2026/10/03 13:23:13.501, 0, 52, 80.57 W, 1410 MHz, 30 %, 61070 MiB
2026/10/03 13:23:13.501, 1, 58, 107.51 W, 1410 MHz, 0 %, 61086 MiB
2026/10/03 13:23:13.502, 2, 49, 63.65 W, 1410 MHz, 7 %, 61070 MiB
2026/10/03 13:23:13.502, 3, 48, 51.40 W, 1410 MHz, 7 %, 61086 MiB
2026/10/03 13:23:15.502, 0, 52, 58.97 W, 1245 MHz, 12 %, 61070 MiB
2026/10/03 13:23:15.502, 1, 57, 51.16 W, 1140 MHz, 0 %, 61086 MiB
2026/10/03 13:23:15.503, 2, 47, 46.24 W, 1140 MHz, 0 %, 61070 MiB
2026/10/03 13:23:15.503, 3, 47, 44.82 W, 1140 MHz, 0 %, 61086 MiB
2026/10/03 13:23:17.503, 0, 52, 49.55 W, 1140 MHz, 34 %, 61070 MiB
2026/10/03 13:23:17.503, 1, 57, 50.86 W, 1140 MHz, 34 %, 61086 MiB
2026/10/03 13:23:17.504, 2, 47, 46.15 W, 1140 MHz, 14 %, 61070 MiB
2026/10/03 13:23:17.504, 3, 47, 44.82 W, 1140 MHz, 14 %, 61086 MiB
2026/10/03 13:23:19.504, 0, 51, 49.55 W, 1140 MHz, 35 %, 61070 MiB
2026/10/03 13:23:19.505, 1, 57, 50.88 W, 1140 MHz, 28 %, 61086 MiB
2026/10/03 13:23:19.505, 2, 47, 46.14 W, 1140 MHz, 0 %, 61070 MiB
2026/10/03 13:23:19.505, 3, 47, 44.72 W, 1140 MHz, 0 %, 61086 MiB
2026/10/03 13:23:21.505, 0, 52, 58.10 W, 1410 MHz, 33 %, 61070 MiB
2026/10/03 13:23:21.506, 1, 58, 69.12 W, 1410 MHz, 29 %, 61086 MiB
2026/10/03 13:23:21.506, 2, 47, 49.04 W, 1200 MHz, 0 %, 61070 MiB
2026/10/03 13:23:21.506, 3, 47, 44.82 W, 1170 MHz, 0 %, 61086 MiB
2026/10/03 13:23:23.506, 0, 53, 58.10 W, 1410 MHz, 0 %, 61070 MiB
2026/10/03 13:23:23.507, 1, 58, 77.50 W, 1140 MHz, 0 %, 61086 MiB
2026/10/03 13:23:23.507, 2, 48, 88.84 W, 1320 MHz, 22 %, 61070 MiB
2026/10/03 13:23:23.507, 3, 48, 73.03 W, 1305 MHz, 23 %, 61086 MiB
2026/10/03 13:23:25.507, 0, 52, 49.64 W, 1140 MHz, 35 %, 61070 MiB
2026/10/03 13:23:25.508, 1, 57, 57.99 W, 1275 MHz, 8 %, 61086 MiB
2026/10/03 13:23:25.508, 2, 47, 46.24 W, 1140 MHz, 0 %, 61070 MiB
2026/10/03 13:23:25.508, 3, 47, 44.72 W, 1140 MHz, 35 %, 61086 MiB
2026/10/03 13:23:27.508, 0, 52, 49.64 W, 1140 MHz, 0 %, 61070 MiB
2026/10/03 13:23:27.509, 1, 57, 51.06 W, 1140 MHz, 0 %, 61086 MiB
2026/10/03 13:23:27.509, 2, 47, 66.64 W, 1140 MHz, 1 %, 61070 MiB
2026/10/03 13:23:27.509, 3, 47, 66.26 W, 1140 MHz, 0 %, 61086 MiB
2026/10/03 13:23:29.509, 0, 51, 49.55 W, 1140 MHz, 3 %, 61070 MiB
2026/10/03 13:23:29.510, 1, 57, 50.87 W, 1140 MHz, 0 %, 61086 MiB
2026/10/03 13:23:29.510, 2, 47, 46.14 W, 1140 MHz, 35 %, 61070 MiB
2026/10/03 13:23:29.510, 3, 47, 44.63 W, 1140 MHz, 32 %, 61086 MiB
2026/10/03 13:23:31.510, 0, 52, 49.64 W, 1140 MHz, 30 %, 61070 MiB
2026/10/03 13:23:31.511, 1, 57, 50.88 W, 1140 MHz, 0 %, 61086 MiB
2026/10/03 13:23:31.511, 2, 47, 46.14 W, 1140 MHz, 35 %, 61070 MiB
2026/10/03 13:23:31.511, 3, 47, 44.72 W, 1140 MHz, 35 %, 61086 MiB
2026/10/03 13:23:33.511, 0, 52, 49.55 W, 1140 MHz, 34 %, 61070 MiB
2026/10/03 13:23:33.512, 1, 57, 50.86 W, 1140 MHz, 9 %, 61086 MiB
2026/10/03 13:23:33.512, 2, 47, 46.14 W, 1140 MHz, 34 %, 61070 MiB
2026/10/03 13:23:33.512, 3, 47, 44.82 W, 1140 MHz, 34 %, 61086 MiB
2026/10/03 13:23:35.513, 0, 52, 49.64 W, 1140 MHz, 33 %, 61070 MiB
2026/10/03 13:23:35.513, 1, 57, 51.17 W, 1140 MHz, 33 %, 61086 MiB
2026/10/03 13:23:35.513, 2, 47, 46.92 W, 1140 MHz, 13 %, 61070 MiB
2026/10/03 13:23:35.514, 3, 47, 45.40 W, 1140 MHz, 16 %, 61086 MiB
2026/10/03 13:23:37.514, 0, 52, 50.12 W, 1170 MHz, 34 %, 61070 MiB
2026/10/03 13:23:37.514, 1, 58, 70.20 W, 1410 MHz, 34 %, 61086 MiB
2026/10/03 13:23:37.514, 2, 47, 46.54 W, 1140 MHz, 19 %, 61070 MiB
2026/10/03 13:23:37.515, 3, 47, 45.11 W, 1140 MHz, 23 %, 61086 MiB
2026/10/03 13:23:39.515, 0, 52, 49.64 W, 1140 MHz, 0 %, 61070 MiB
2026/10/03 13:23:39.515, 1, 58, 51.06 W, 1140 MHz, 0 %, 61086 MiB
2026/10/03 13:23:39.515, 2, 47, 46.05 W, 1140 MHz, 9 %, 61070 MiB
2026/10/03 13:23:39.516, 3, 47, 44.72 W, 1140 MHz, 5 %, 61086 MiB
2026/10/03 13:23:41.516, 0, 52, 57.42 W, 1410 MHz, 0 %, 61070 MiB
2026/10/03 13:23:41.516, 1, 57, 51.06 W, 1140 MHz, 0 %, 61086 MiB
2026/10/03 13:23:41.517, 2, 47, 46.14 W, 1140 MHz, 30 %, 61070 MiB
2026/10/03 13:23:41.517, 3, 47, 45.22 W, 1215 MHz, 25 %, 61086 MiB
2026/10/03 13:23:43.517, 0, 52, 49.93 W, 1140 MHz, 35 %, 61070 MiB
2026/10/03 13:23:43.517, 1, 57, 51.06 W, 1140 MHz, 31 %, 61086 MiB
2026/10/03 13:23:43.518, 2, 47, 46.14 W, 1140 MHz, 35 %, 61070 MiB
2026/10/03 13:23:43.518, 3, 47, 44.73 W, 1140 MHz, 35 %, 61086 MiB
2026/10/03 13:23:45.518, 0, 52, 49.83 W, 1140 MHz, 35 %, 61070 MiB
2026/10/03 13:23:45.518, 1, 57, 54.04 W, 1140 MHz, 5 %, 61086 MiB
2026/10/03 13:23:45.519, 2, 47, 46.14 W, 1140 MHz, 35 %, 61070 MiB
2026/10/03 13:23:45.519, 3, 47, 56.27 W, 1140 MHz, 34 %, 61086 MiB
2026/10/03 13:23:47.520, 0, 54, 87.41 W, 1410 MHz, 98 %, 61070 MiB
2026/10/03 13:23:47.520, 1, 60, 117.43 W, 1410 MHz, 53 %, 61086 MiB
2026/10/03 13:23:47.520, 2, 50, 108.76 W, 1410 MHz, 99 %, 61070 MiB
2026/10/03 13:23:47.520, 3, 49, 86.07 W, 1410 MHz, 97 %, 61086 MiB
2026/10/03 13:23:49.521, 0, 53, 58.64 W, 1410 MHz, 15 %, 61070 MiB
2026/10/03 13:23:49.521, 1, 59, 70.29 W, 1410 MHz, 83 %, 61086 MiB
2026/10/03 13:23:49.521, 2, 49, 64.32 W, 1410 MHz, 47 %, 61070 MiB
2026/10/03 13:23:49.521, 3, 48, 51.85 W, 1410 MHz, 39 %, 61086 MiB
2026/10/03 13:23:51.522, 0, 53, 86.89 W, 1410 MHz, 18 %, 61070 MiB
2026/10/03 13:23:51.522, 1, 59, 52.00 W, 1140 MHz, 31 %, 61086 MiB
2026/10/03 13:23:51.522, 2, 49, 63.84 W, 1410 MHz, 13 %, 61070 MiB
2026/10/03 13:23:51.523, 3, 48, 51.57 W, 1410 MHz, 5 %, 61086 MiB
2026/10/03 13:23:53.523, 0, 53, 58.56 W, 1410 MHz, 0 %, 61070 MiB
2026/10/03 13:23:53.523, 1, 59, 70.95 W, 1410 MHz, 30 %, 61086 MiB
2026/10/03 13:23:53.523, 2, 48, 63.84 W, 1410 MHz, 2 %, 61070 MiB
2026/10/03 13:23:53.524, 3, 48, 51.57 W, 1410 MHz, 0 %, 61086 MiB
2026/10/03 13:23:55.524, 0, 52, 57.71 W, 1410 MHz, 69 %, 61070 MiB
2026/10/03 13:23:55.524, 1, 59, 69.62 W, 1410 MHz, 55 %, 61086 MiB
2026/10/03 13:23:55.524, 2, 47, 46.42 W, 1140 MHz, 30 %, 61070 MiB
2026/10/03 13:23:55.525, 3, 48, 48.21 W, 1335 MHz, 21 %, 61086 MiB
2026/10/03 13:23:57.525, 0, 52, 49.93 W, 1140 MHz, 34 %, 61070 MiB
2026/10/03 13:23:57.525, 1, 58, 51.43 W, 1140 MHz, 19 %, 61086 MiB
2026/10/03 13:23:57.526, 2, 47, 46.24 W, 1140 MHz, 0 %, 61070 MiB
2026/10/03 13:23:57.526, 3, 47, 44.91 W, 1140 MHz, 0 %, 61086 MiB
2026/10/03 13:23:59.526, 0, 52, 49.83 W, 1140 MHz, 35 %, 61070 MiB
2026/10/03 13:23:59.526, 1, 58, 51.35 W, 1140 MHz, 21 %, 61086 MiB
2026/10/03 13:23:59.527, 2, 47, 46.33 W, 1140 MHz, 0 %, 61070 MiB
2026/10/03 13:23:59.527, 3, 47, 44.82 W, 1140 MHz, 0 %, 61086 MiB
2026/10/03 13:24:01.527, 0, 52, 73.58 W, 1140 MHz, 0 %, 61070 MiB
2026/10/03 13:24:01.528, 1, 58, 52.98 W, 1140 MHz, 9 %, 61086 MiB
2026/10/03 13:24:01.528, 2, 48, 62.82 W, 1140 MHz, 35 %, 61070 MiB
2026/10/03 13:24:01.528, 3, 48, 47.81 W, 1140 MHz, 0 %, 61086 MiB
2026/10/03 13:24:03.528, 0, 52, 49.74 W, 1140 MHz, 0 %, 61070 MiB
2026/10/03 13:24:03.528, 1, 58, 51.35 W, 1140 MHz, 0 %, 61086 MiB
2026/10/03 13:24:03.529, 2, 47, 66.92 W, 1140 MHz, 16 %, 61070 MiB
2026/10/03 13:24:03.529, 3, 48, 44.72 W, 1140 MHz, 19 %, 61086 MiB
2026/10/03 13:24:05.529, 0, 52, 59.15 W, 1140 MHz, 8 %, 61070 MiB
2026/10/03 13:24:05.529, 1, 58, 55.50 W, 1230 MHz, 0 %, 61086 MiB
2026/10/03 13:24:05.530, 2, 47, 71.32 W, 1140 MHz, 35 %, 61070 MiB
2026/10/03 13:24:05.530, 3, 47, 44.82 W, 1140 MHz, 31 %, 61086 MiB
2026/10/03 13:24:07.530, 0, 52, 49.83 W, 1140 MHz, 34 %, 61070 MiB
2026/10/03 13:24:07.531, 1, 58, 51.25 W, 1140 MHz, 34 %, 61086 MiB
2026/10/03 13:24:07.531, 2, 47, 46.33 W, 1140 MHz, 31 %, 61070 MiB
2026/10/03 13:24:07.531, 3, 47, 44.92 W, 1140 MHz, 33 %, 61086 MiB
2026/10/03 13:24:09.531, 0, 52, 49.83 W, 1140 MHz, 29 %, 61070 MiB
2026/10/03 13:24:09.532, 1, 58, 52.22 W, 1140 MHz, 35 %, 61086 MiB
2026/10/03 13:24:09.532, 2, 47, 55.49 W, 1140 MHz, 0 %, 61070 MiB
2026/10/03 13:24:09.532, 3, 47, 46.94 W, 1140 MHz, 7 %, 61086 MiB
2026/10/03 13:24:11.532, 0, 52, 49.74 W, 1140 MHz, 0 %, 61070 MiB
2026/10/03 13:24:11.533, 1, 58, 51.25 W, 1140 MHz, 0 %, 61086 MiB
2026/10/03 13:24:11.533, 2, 47, 46.14 W, 1140 MHz, 30 %, 61070 MiB
2026/10/03 13:24:11.533, 3, 47, 44.82 W, 1140 MHz, 21 %, 61086 MiB
2026/10/03 13:24:13.534, 0, 52, 49.74 W, 1140 MHz, 28 %, 61070 MiB
2026/10/03 13:24:13.534, 1, 58, 51.25 W, 1140 MHz, 0 %, 61086 MiB
2026/10/03 13:24:13.534, 2, 47, 46.14 W, 1140 MHz, 35 %, 61070 MiB
2026/10/03 13:24:13.534, 3, 47, 44.82 W, 1140 MHz, 34 %, 61086 MiB
2026/10/03 13:24:15.535, 0, 52, 60.02 W, 1140 MHz, 36 %, 61070 MiB
2026/10/03 13:24:15.535, 1, 58, 51.44 W, 1140 MHz, 36 %, 61086 MiB
2026/10/03 13:24:15.535, 2, 47, 46.90 W, 1140 MHz, 14 %, 61070 MiB
2026/10/03 13:24:15.535, 3, 47, 45.11 W, 1140 MHz, 23 %, 61086 MiB
2026/10/03 13:24:17.536, 0, 52, 49.83 W, 1140 MHz, 0 %, 61070 MiB
2026/10/03 13:24:17.536, 1, 58, 81.32 W, 1245 MHz, 17 %, 61086 MiB
2026/10/03 13:24:17.536, 2, 47, 46.14 W, 1140 MHz, 0 %, 61070 MiB
2026/10/03 13:24:17.536, 3, 47, 60.53 W, 1140 MHz, 0 %, 61086 MiB
2026/10/03 13:24:19.537, 0, 53, 79.81 W, 1410 MHz, 100 %, 61070 MiB
2026/10/03 13:24:19.537, 1, 59, 115.56 W, 1410 MHz, 59 %, 61086 MiB
2026/10/03 13:24:19.537, 2, 49, 103.14 W, 1410 MHz, 95 %, 61070 MiB
2026/10/03 13:24:19.537, 3, 48, 63.39 W, 1410 MHz, 99 %, 61086 MiB
2026/10/03 13:24:21.538, 0, 54, 89.09 W, 1410 MHz, 61 %, 61090 MiB
2026/10/03 13:24:21.538, 1, 60, 113.72 W, 1410 MHz, 92 %, 61106 MiB
2026/10/03 13:24:21.538, 2, 50, 115.40 W, 1410 MHz, 92 %, 61090 MiB
2026/10/03 13:24:21.538, 3, 49, 81.89 W, 1410 MHz, 93 %, 61106 MiB
2026/10/03 13:24:23.539, 0, 55, 96.80 W, 1410 MHz, 98 %, 61090 MiB
2026/10/03 13:24:23.539, 1, 62, 116.17 W, 1410 MHz, 99 %, 61106 MiB
2026/10/03 13:24:23.539, 2, 51, 122.60 W, 1410 MHz, 98 %, 61090 MiB
2026/10/03 13:24:23.539, 3, 50, 89.12 W, 1410 MHz, 98 %, 61106 MiB
2026/10/03 13:24:25.540, 0, 55, 96.79 W, 1410 MHz, 99 %, 61090 MiB
2026/10/03 13:24:25.540, 1, 62, 120.92 W, 1410 MHz, 99 %, 61106 MiB
2026/10/03 13:24:25.540, 2, 52, 123.74 W, 1410 MHz, 98 %, 61090 MiB
2026/10/03 13:24:25.540, 3, 50, 88.64 W, 1410 MHz, 97 %, 61106 MiB
2026/10/03 13:24:27.541, 0, 55, 91.70 W, 1410 MHz, 97 %, 61090 MiB
2026/10/03 13:24:27.541, 1, 62, 124.53 W, 1410 MHz, 99 %, 61106 MiB
2026/10/03 13:24:27.541, 2, 52, 123.44 W, 1410 MHz, 99 %, 61090 MiB
2026/10/03 13:24:27.541, 3, 50, 95.03 W, 1410 MHz, 98 %, 61106 MiB
2026/10/03 13:24:29.542, 0, 55, 94.76 W, 1410 MHz, 99 %, 61090 MiB
2026/10/03 13:24:29.542, 1, 62, 123.62 W, 1410 MHz, 95 %, 61106 MiB
2026/10/03 13:24:29.542, 2, 52, 114.41 W, 1410 MHz, 98 %, 61090 MiB
2026/10/03 13:24:29.542, 3, 50, 92.07 W, 1410 MHz, 97 %, 61106 MiB
2026/10/03 13:24:31.543, 0, 55, 92.94 W, 1410 MHz, 99 %, 61090 MiB
2026/10/03 13:24:31.543, 1, 63, 122.67 W, 1410 MHz, 98 %, 61106 MiB
2026/10/03 13:24:31.543, 2, 53, 123.72 W, 1410 MHz, 99 %, 61090 MiB
2026/10/03 13:24:31.543, 3, 51, 89.37 W, 1410 MHz, 97 %, 61106 MiB
2026/10/03 13:24:33.544, 0, 56, 96.29 W, 1410 MHz, 98 %, 61090 MiB
2026/10/03 13:24:33.544, 1, 63, 119.09 W, 1410 MHz, 98 %, 61106 MiB
2026/10/03 13:24:33.544, 2, 53, 115.19 W, 1410 MHz, 97 %, 61090 MiB
2026/10/03 13:24:33.544, 3, 51, 92.81 W, 1410 MHz, 97 %, 61106 MiB
2026/10/03 13:24:35.545, 0, 56, 96.14 W, 1410 MHz, 99 %, 61090 MiB
2026/10/03 13:24:35.545, 1, 63, 127.18 W, 1410 MHz, 98 %, 61106 MiB
2026/10/03 13:24:35.545, 2, 53, 118.44 W, 1410 MHz, 97 %, 61090 MiB
2026/10/03 13:24:35.545, 3, 51, 86.12 W, 1410 MHz, 98 %, 61106 MiB
2026/10/03 13:24:37.546, 0, 56, 94.69 W, 1410 MHz, 98 %, 61090 MiB
2026/10/03 13:24:37.546, 1, 63, 124.27 W, 1410 MHz, 98 %, 61106 MiB
2026/10/03 13:24:37.546, 2, 53, 112.40 W, 1410 MHz, 98 %, 61090 MiB
2026/10/03 13:24:37.546, 3, 51, 88.57 W, 1410 MHz, 98 %, 61106 MiB
2026/10/03 13:24:39.547, 0, 56, 96.74 W, 1410 MHz, 98 %, 61090 MiB
2026/10/03 13:24:39.547, 1, 64, 119.85 W, 1410 MHz, 99 %, 61106 MiB
2026/10/03 13:24:39.547, 2, 54, 115.70 W, 1410 MHz, 98 %, 61090 MiB
2026/10/03 13:24:39.547, 3, 51, 94.64 W, 1410 MHz, 96 %, 61106 MiB
2026/10/03 13:24:41.548, 0, 56, 98.24 W, 1410 MHz, 98 %, 61090 MiB
2026/10/03 13:24:41.548, 1, 64, 125.31 W, 1410 MHz, 99 %, 61106 MiB
2026/10/03 13:24:41.548, 2, 54, 116.85 W, 1410 MHz, 98 %, 61090 MiB
2026/10/03 13:24:41.548, 3, 51, 83.03 W, 1410 MHz, 98 %, 61106 MiB
2026/10/03 13:24:43.549, 0, 56, 102.72 W, 1410 MHz, 99 %, 61090 MiB
2026/10/03 13:24:43.549, 1, 64, 123.62 W, 1410 MHz, 99 %, 61106 MiB
2026/10/03 13:24:43.549, 2, 54, 114.93 W, 1410 MHz, 96 %, 61090 MiB
2026/10/03 13:24:43.549, 3, 52, 97.63 W, 1410 MHz, 98 %, 61106 MiB
2026/10/03 13:24:45.550, 0, 56, 93.19 W, 1410 MHz, 61 %, 61110 MiB
2026/10/03 13:24:45.550, 1, 64, 111.09 W, 1410 MHz, 58 %, 61126 MiB
2026/10/03 13:24:45.551, 2, 53, 97.94 W, 1410 MHz, 95 %, 61110 MiB
2026/10/03 13:24:45.551, 3, 51, 81.71 W, 1410 MHz, 71 %, 61126 MiB
2026/10/03 13:24:47.551, 0, 56, 60.48 W, 1410 MHz, 68 %, 61110 MiB
2026/10/03 13:24:47.551, 1, 63, 74.61 W, 1410 MHz, 51 %, 61126 MiB
2026/10/03 13:24:47.552, 2, 53, 66.81 W, 1410 MHz, 99 %, 61110 MiB
2026/10/03 13:24:47.552, 3, 51, 52.99 W, 1410 MHz, 87 %, 61126 MiB
2026/10/03 13:24:49.552, 0, 57, 90.28 W, 1410 MHz, 99 %, 61110 MiB
2026/10/03 13:24:49.552, 1, 65, 126.95 W, 1410 MHz, 99 %, 61126 MiB
2026/10/03 13:24:49.553, 2, 54, 114.95 W, 1410 MHz, 98 %, 61110 MiB
2026/10/03 13:24:49.553, 3, 52, 88.47 W, 1410 MHz, 98 %, 61126 MiB
2026/10/03 13:24:51.553, 0, 57, 91.01 W, 1410 MHz, 75 %, 61110 MiB
2026/10/03 13:24:51.553, 1, 65, 100.54 W, 1410 MHz, 92 %, 61126 MiB
2026/10/03 13:24:51.554, 2, 54, 100.97 W, 1410 MHz, 98 %, 61110 MiB
2026/10/03 13:24:51.554, 3, 52, 79.74 W, 1410 MHz, 95 %, 61126 MiB
2026/10/03 13:24:53.554, 0, 57, 98.37 W, 1410 MHz, 99 %, 61110 MiB
2026/10/03 13:24:53.555, 1, 65, 124.84 W, 1410 MHz, 99 %, 61126 MiB
2026/10/03 13:24:53.555, 2, 55, 123.78 W, 1410 MHz, 88 %, 61110 MiB
2026/10/03 13:24:53.555, 3, 52, 92.88 W, 1410 MHz, 97 %, 61126 MiB
2026/10/03 13:24:55.555, 0, 57, 90.43 W, 1410 MHz, 98 %, 61110 MiB
2026/10/03 13:24:55.556, 1, 65, 119.38 W, 1410 MHz, 99 %, 61126 MiB
2026/10/03 13:24:55.556, 2, 55, 116.30 W, 1410 MHz, 99 %, 61110 MiB
2026/10/03 13:24:55.556, 3, 52, 86.07 W, 1410 MHz, 96 %, 61126 MiB
2026/10/03 13:24:57.556, 0, 56, 102.97 W, 1410 MHz, 19 %, 61110 MiB
2026/10/03 13:24:57.557, 1, 65, 75.08 W, 1410 MHz, 60 %, 61126 MiB
2026/10/03 13:24:57.557, 2, 54, 116.45 W, 1410 MHz, 26 %, 61110 MiB
2026/10/03 13:24:57.557, 3, 52, 52.92 W, 1410 MHz, 0 %, 61126 MiB
2026/10/03 13:24:59.557, 0, 56, 60.58 W, 1410 MHz, 47 %, 61110 MiB
2026/10/03 13:24:59.558, 1, 64, 83.70 W, 1410 MHz, 14 %, 61126 MiB
2026/10/03 13:24:59.558, 2, 53, 66.53 W, 1410 MHz, 51 %, 61110 MiB
2026/10/03 13:24:59.558, 3, 51, 53.38 W, 1410 MHz, 50 %, 61126 MiB
2026/10/03 13:25:01.558, 0, 57, 97.63 W, 1410 MHz, 64 %, 61110 MiB
2026/10/03 13:25:01.559, 1, 65, 95.96 W, 1410 MHz, 73 %, 61126 MiB
2026/10/03 13:25:01.559, 2, 55, 67.98 W, 1410 MHz, 53 %, 61110 MiB
2026/10/03 13:25:01.559, 3, 52, 97.43 W, 1410 MHz, 63 %, 61126 MiB
2026/10/03 13:25:03.559, 0, 56, 98.56 W, 1410 MHz, 50 %, 61110 MiB
2026/10/03 13:25:03.560, 1, 65, 125.25 W, 1410 MHz, 60 %, 61126 MiB
2026/10/03 13:25:03.560, 2, 54, 121.21 W, 1410 MHz, 97 %, 61110 MiB
2026/10/03 13:25:03.560, 3, 51, 54.60 W, 1410 MHz, 75 %, 61126 MiB
2026/10/03 13:25:05.560, 0, 57, 61.40 W, 1410 MHz, 53 %, 61110 MiB
2026/10/03 13:25:05.561, 1, 65, 125.84 W, 1410 MHz, 53 %, 61126 MiB
2026/10/03 13:25:05.561, 2, 55, 66.72 W, 1410 MHz, 44 %, 61110 MiB
2026/10/03 13:25:05.561, 3, 52, 94.87 W, 1410 MHz, 42 %, 61126 MiB
2026/10/03 13:25:07.562, 0, 56, 60.58 W, 1410 MHz, 53 %, 61110 MiB
2026/10/03 13:25:07.562, 1, 64, 75.16 W, 1410 MHz, 53 %, 61126 MiB
2026/10/03 13:25:07.562, 2, 54, 66.72 W, 1410 MHz, 44 %, 61110 MiB
2026/10/03 13:25:07.562, 3, 51, 53.09 W, 1410 MHz, 44 %, 61126 MiB
2026/10/03 13:25:09.562, 0, 56, 83.22 W, 1410 MHz, 37 %, 61110 MiB
2026/10/03 13:25:09.563, 1, 65, 83.60 W, 1410 MHz, 37 %, 61126 MiB
2026/10/03 13:25:09.563, 2, 54, 120.14 W, 1410 MHz, 55 %, 61110 MiB
2026/10/03 13:25:09.563, 3, 52, 95.91 W, 1410 MHz, 45 %, 61126 MiB
2026/10/03 13:25:11.564, 0, 56, 102.71 W, 1410 MHz, 13 %, 61110 MiB
2026/10/03 13:25:11.564, 1, 65, 99.07 W, 1410 MHz, 13 %, 61126 MiB
2026/10/03 13:25:11.564, 2, 55, 135.58 W, 1410 MHz, 48 %, 61110 MiB
2026/10/03 13:25:11.564, 3, 52, 94.66 W, 1410 MHz, 28 %, 61126 MiB
2026/10/03 13:25:13.565, 0, 56, 59.98 W, 1410 MHz, 54 %, 61110 MiB
2026/10/03 13:25:13.565, 1, 65, 75.35 W, 1410 MHz, 54 %, 61126 MiB
2026/10/03 13:25:13.565, 2, 54, 66.81 W, 1410 MHz, 39 %, 61110 MiB
2026/10/03 13:25:13.565, 3, 51, 53.18 W, 1410 MHz, 52 %, 61126 MiB
2026/10/03 13:25:15.566, 0, 57, 108.73 W, 1410 MHz, 17 %, 61110 MiB
2026/10/03 13:25:15.566, 1, 66, 139.37 W, 1410 MHz, 9 %, 61126 MiB
2026/10/03 13:25:15.566, 2, 55, 134.01 W, 1410 MHz, 21 %, 61110 MiB
2026/10/03 13:25:15.566, 3, 52, 92.25 W, 1410 MHz, 35 %, 61126 MiB
2026/10/03 13:25:17.567, 0, 56, 89.88 W, 1410 MHz, 32 %, 61110 MiB
2026/10/03 13:25:17.567, 1, 65, 75.44 W, 1410 MHz, 24 %, 61126 MiB
2026/10/03 13:25:17.567, 2, 54, 66.62 W, 1410 MHz, 1 %, 61110 MiB
2026/10/03 13:25:17.567, 3, 51, 52.82 W, 1410 MHz, 49 %, 61126 MiB
2026/10/03 13:25:19.568, 0, 56, 60.09 W, 1410 MHz, 55 %, 61110 MiB
2026/10/03 13:25:19.568, 1, 65, 76.21 W, 1410 MHz, 55 %, 61126 MiB
2026/10/03 13:25:19.568, 2, 54, 70.06 W, 1410 MHz, 24 %, 61110 MiB
2026/10/03 13:25:19.568, 3, 51, 52.99 W, 1410 MHz, 55 %, 61126 MiB
2026/10/03 13:25:21.569, 0, 57, 104.15 W, 1410 MHz, 45 %, 61110 MiB
2026/10/03 13:25:21.569, 1, 65, 137.90 W, 1410 MHz, 51 %, 61126 MiB
2026/10/03 13:25:21.569, 2, 55, 128.12 W, 1410 MHz, 10 %, 61110 MiB
2026/10/03 13:25:21.569, 3, 52, 55.57 W, 1410 MHz, 26 %, 61126 MiB
2026/10/03 13:25:23.570, 0, 57, 60.76 W, 1410 MHz, 23 %, 61110 MiB
2026/10/03 13:25:23.570, 1, 65, 76.61 W, 1410 MHz, 16 %, 61126 MiB
2026/10/03 13:25:23.570, 2, 55, 138.52 W, 1410 MHz, 59 %, 61110 MiB
2026/10/03 13:25:23.571, 3, 52, 91.55 W, 1410 MHz, 40 %, 61126 MiB
2026/10/03 13:25:25.571, 0, 57, 104.38 W, 1410 MHz, 41 %, 61110 MiB
2026/10/03 13:25:25.571, 1, 66, 139.40 W, 1410 MHz, 49 %, 61126 MiB
2026/10/03 13:25:25.571, 2, 54, 68.07 W, 1410 MHz, 17 %, 61110 MiB
2026/10/03 13:25:25.572, 3, 52, 103.50 W, 1410 MHz, 24 %, 61126 MiB
2026/10/03 13:25:27.572, 0, 57, 82.07 W, 1410 MHz, 40 %, 61110 MiB
2026/10/03 13:25:27.572, 1, 66, 85.49 W, 1410 MHz, 41 %, 61126 MiB
2026/10/03 13:25:27.573, 2, 55, 118.11 W, 1410 MHz, 39 %, 61110 MiB
2026/10/03 13:25:27.573, 3, 52, 89.00 W, 1410 MHz, 43 %, 61126 MiB
2026/10/03 13:25:29.573, 0, 57, 85.22 W, 1410 MHz, 22 %, 61110 MiB
2026/10/03 13:25:29.574, 1, 66, 104.26 W, 1410 MHz, 45 %, 61126 MiB
2026/10/03 13:25:29.574, 2, 55, 98.81 W, 1410 MHz, 30 %, 61110 MiB
2026/10/03 13:25:29.574, 3, 51, 72.62 W, 1410 MHz, 32 %, 61126 MiB
2026/10/03 13:25:31.574, 0, 58, 105.79 W, 1410 MHz, 98 %, 61110 MiB
2026/10/03 13:25:31.575, 1, 67, 133.70 W, 1410 MHz, 97 %, 61126 MiB
2026/10/03 13:25:31.575, 2, 57, 125.18 W, 1410 MHz, 99 %, 61110 MiB
2026/10/03 13:25:31.575, 3, 53, 95.22 W, 1410 MHz, 96 %, 61126 MiB
2026/10/03 13:25:33.575, 0, 58, 99.89 W, 1410 MHz, 98 %, 61110 MiB
2026/10/03 13:25:33.576, 1, 67, 125.95 W, 1410 MHz, 99 %, 61126 MiB
2026/10/03 13:25:33.576, 2, 56, 73.53 W, 1410 MHz, 99 %, 61110 MiB
2026/10/03 13:25:33.576, 3, 52, 66.97 W, 1410 MHz, 95 %, 61126 MiB
2026/10/03 13:25:35.576, 0, 58, 96.13 W, 1410 MHz, 82 %, 61110 MiB
2026/10/03 13:25:35.577, 1, 67, 126.81 W, 1410 MHz, 38 %, 61126 MiB
2026/10/03 13:25:35.577, 2, 56, 73.65 W, 1410 MHz, 36 %, 61110 MiB
2026/10/03 13:25:35.577, 3, 52, 64.85 W, 1410 MHz, 62 %, 61126 MiB
2026/10/03 13:25:37.577, 0, 57, 98.37 W, 1410 MHz, 0 %, 61110 MiB
2026/10/03 13:25:37.578, 1, 66, 129.18 W, 1410 MHz, 0 %, 61126 MiB
2026/10/03 13:25:37.578, 2, 55, 67.10 W, 1410 MHz, 26 %, 61110 MiB
2026/10/03 13:25:37.578, 3, 52, 53.03 W, 1410 MHz, 52 %, 61126 MiB
2026/10/03 13:25:39.578, 0, 57, 99.75 W, 1410 MHz, 38 %, 61110 MiB
2026/10/03 13:25:39.579, 1, 66, 133.91 W, 1410 MHz, 36 %, 61126 MiB
2026/10/03 13:25:39.579, 2, 55, 67.79 W, 1410 MHz, 36 %, 61110 MiB
2026/10/03 13:25:39.579, 3, 52, 53.76 W, 1410 MHz, 51 %, 61126 MiB
2026/10/03 13:25:41.579, 0, 57, 102.37 W, 1410 MHz, 10 %, 61110 MiB
2026/10/03 13:25:41.580, 1, 67, 133.14 W, 1410 MHz, 7 %, 61126 MiB
2026/10/03 13:25:41.580, 2, 55, 69.50 W, 1410 MHz, 24 %, 61110 MiB
2026/10/03 13:25:41.580, 3, 52, 55.28 W, 1410 MHz, 26 %, 61126 MiB
2026/10/03 13:25:43.581, 0, 57, 61.13 W, 1410 MHz, 56 %, 61110 MiB
2026/10/03 13:25:43.581, 1, 66, 77.57 W, 1410 MHz, 57 %, 61126 MiB
2026/10/03 13:25:43.581, 2, 56, 67.21 W, 1410 MHz, 57 %, 61110 MiB
2026/10/03 13:25:43.582, 3, 52, 53.01 W, 1410 MHz, 42 %, 61126 MiB
2026/10/03 13:25:45.582, 0, 57, 60.28 W, 1410 MHz, 54 %, 61110 MiB
2026/10/03 13:25:45.583, 1, 66, 135.86 W, 1410 MHz, 55 %, 61126 MiB
2026/10/03 13:25:45.583, 2, 56, 119.01 W, 1410 MHz, 35 %, 61110 MiB
2026/10/03 13:25:45.583, 3, 52, 91.53 W, 1410 MHz, 54 %, 61126 MiB
2026/10/03 13:25:47.584, 0, 57, 61.03 W, 1410 MHz, 56 %, 61110 MiB
2026/10/03 13:25:47.584, 1, 66, 94.81 W, 1410 MHz, 57 %, 61126 MiB
2026/10/03 13:25:47.584, 2, 55, 67.31 W, 1410 MHz, 57 %, 61110 MiB
2026/10/03 13:25:47.585, 3, 51, 53.03 W, 1410 MHz, 36 %, 61126 MiB
2026/10/03 13:25:49.585, 0, 57, 75.05 W, 1410 MHz, 12 %, 61110 MiB
2026/10/03 13:25:49.586, 1, 66, 86.15 W, 1410 MHz, 15 %, 61126 MiB
2026/10/03 13:25:49.586, 2, 55, 67.69 W, 1410 MHz, 42 %, 61110 MiB
2026/10/03 13:25:49.586, 3, 52, 53.47 W, 1410 MHz, 0 %, 61126 MiB
2026/10/03 13:25:51.587, 0, 57, 61.02 W, 1410 MHz, 57 %, 61110 MiB
2026/10/03 13:25:51.587, 1, 67, 77.57 W, 1410 MHz, 57 %, 61126 MiB
2026/10/03 13:25:51.587, 2, 55, 98.64 W, 1410 MHz, 57 %, 61110 MiB
2026/10/03 13:25:51.587, 3, 52, 77.17 W, 1410 MHz, 46 %, 61126 MiB
2026/10/03 13:25:53.588, 0, 57, 61.13 W, 1410 MHz, 19 %, 61110 MiB
2026/10/03 13:25:53.588, 1, 67, 135.48 W, 1410 MHz, 15 %, 61126 MiB
2026/10/03 13:25:53.588, 2, 56, 117.74 W, 1410 MHz, 7 %, 61110 MiB
2026/10/03 13:25:53.589, 3, 52, 89.75 W, 1410 MHz, 40 %, 61126 MiB
2026/10/03 13:25:55.589, 0, 58, 63.83 W, 1410 MHz, 0 %, 61110 MiB
2026/10/03 13:25:55.589, 1, 67, 135.69 W, 1410 MHz, 4 %, 61126 MiB
2026/10/03 13:25:55.590, 2, 56, 69.67 W, 1410 MHz, 27 %, 61110 MiB
2026/10/03 13:25:55.590, 3, 52, 55.09 W, 1410 MHz, 2 %, 61126 MiB
2026/10/03 13:25:57.590, 0, 57, 63.53 W, 1410 MHz, 57 %, 61110 MiB
2026/10/03 13:25:57.590, 1, 66, 77.48 W, 1410 MHz, 57 %, 61126 MiB
2026/10/03 13:25:57.591, 2, 55, 67.69 W, 1410 MHz, 56 %, 61110 MiB
2026/10/03 13:25:57.591, 3, 51, 53.18 W, 1410 MHz, 51 %, 61126 MiB
2026/10/03 13:25:59.591, 0, 57, 61.11 W, 1410 MHz, 55 %, 61110 MiB
2026/10/03 13:25:59.592, 1, 66, 76.70 W, 1410 MHz, 55 %, 61126 MiB
2026/10/03 13:25:59.592, 2, 55, 67.50 W, 1410 MHz, 13 %, 61110 MiB
2026/10/03 13:25:59.592, 3, 51, 53.09 W, 1410 MHz, 55 %, 61126 MiB
2026/10/03 13:26:01.592, 0, 57, 68.97 W, 1410 MHz, 15 %, 61110 MiB
2026/10/03 13:26:01.593, 1, 67, 82.15 W, 1410 MHz, 21 %, 61126 MiB
2026/10/03 13:26:01.593, 2, 56, 127.33 W, 1410 MHz, 56 %, 61110 MiB
2026/10/03 13:26:01.593, 3, 52, 99.31 W, 1410 MHz, 16 %, 61126 MiB
2026/10/03 13:26:03.593, 0, 57, 61.03 W, 1410 MHz, 30 %, 61110 MiB
2026/10/03 13:26:03.594, 1, 66, 76.89 W, 1410 MHz, 30 %, 61126 MiB
2026/10/03 13:26:03.594, 2, 55, 67.49 W, 1410 MHz, 29 %, 61110 MiB
2026/10/03 13:26:03.594, 3, 51, 53.12 W, 1410 MHz, 33 %, 61126 MiB
2026/10/03 13:26:05.595, 0, 58, 103.01 W, 1410 MHz, 99 %, 61110 MiB
2026/10/03 13:26:05.595, 1, 68, 130.55 W, 1410 MHz, 99 %, 61126 MiB
2026/10/03 13:26:05.595, 2, 57, 122.60 W, 1410 MHz, 74 %, 61110 MiB
2026/10/03 13:26:05.595, 3, 53, 95.40 W, 1410 MHz, 97 %, 61126 MiB
2026/10/03 13:26:07.596, 0, 59, 101.29 W, 1410 MHz, 99 %, 61110 MiB
2026/10/03 13:26:07.596, 1, 69, 129.25 W, 1410 MHz, 95 %, 61126 MiB
2026/10/03 13:26:07.596, 2, 57, 111.91 W, 1410 MHz, 99 %, 61110 MiB
2026/10/03 13:26:07.596, 3, 53, 96.28 W, 1410 MHz, 97 %, 61126 MiB
2026/10/03 13:26:09.597, 0, 59, 93.00 W, 1410 MHz, 99 %, 61110 MiB
2026/10/03 13:26:09.597, 1, 69, 127.23 W, 1410 MHz, 99 %, 61126 MiB
2026/10/03 13:26:09.597, 2, 58, 128.34 W, 1410 MHz, 99 %, 61110 MiB
2026/10/03 13:26:09.597, 3, 53, 102.14 W, 1410 MHz, 98 %, 61126 MiB
2026/10/03 13:26:11.598, 0, 58, 96.56 W, 1410 MHz, 62 %, 61110 MiB
2026/10/03 13:26:11.598, 1, 68, 96.16 W, 1410 MHz, 57 %, 61126 MiB
2026/10/03 13:26:11.598, 2, 57, 69.60 W, 1410 MHz, 41 %, 61110 MiB
2026/10/03 13:26:11.598, 3, 53, 54.12 W, 1410 MHz, 28 %, 61126 MiB
2026/10/03 13:26:13.599, 0, 57, 61.68 W, 1410 MHz, 11 %, 61110 MiB
2026/10/03 13:26:13.599, 1, 67, 77.95 W, 1410 MHz, 17 %, 61126 MiB
2026/10/03 13:26:13.599, 2, 56, 68.17 W, 1410 MHz, 34 %, 61110 MiB
2026/10/03 13:26:13.599, 3, 52, 53.67 W, 1410 MHz, 54 %, 61126 MiB
2026/10/03 13:26:15.600, 0, 58, 61.59 W, 1410 MHz, 59 %, 61110 MiB
2026/10/03 13:26:15.600, 1, 68, 117.64 W, 1410 MHz, 59 %, 61126 MiB
2026/10/03 13:26:15.600, 2, 56, 68.36 W, 1410 MHz, 56 %, 61110 MiB
2026/10/03 13:26:15.601, 3, 52, 53.39 W, 1410 MHz, 59 %, 61126 MiB
2026/10/03 13:26:17.601, 0, 58, 112.00 W, 1410 MHz, 56 %, 61110 MiB
2026/10/03 13:26:17.601, 1, 68, 147.08 W, 1395 MHz, 56 %, 61126 MiB
2026/10/03 13:26:17.601, 2, 57, 68.08 W, 1410 MHz, 56 %, 61110 MiB
2026/10/03 13:26:17.602, 3, 53, 53.41 W, 1410 MHz, 52 %, 61126 MiB
2026/10/03 13:26:19.602, 0, 58, 107.85 W, 1410 MHz, 57 %, 61110 MiB
2026/10/03 13:26:19.602, 1, 68, 135.02 W, 1410 MHz, 57 %, 61126 MiB
2026/10/03 13:26:19.603, 2, 57, 67.98 W, 1410 MHz, 57 %, 61110 MiB
2026/10/03 13:26:19.603, 3, 53, 77.34 W, 1410 MHz, 55 %, 61126 MiB
2026/10/03 13:26:21.603, 0, 58, 61.59 W, 1410 MHz, 39 %, 61110 MiB
2026/10/03 13:26:21.603, 1, 67, 119.59 W, 1410 MHz, 46 %, 61126 MiB
2026/10/03 13:26:21.604, 2, 56, 68.17 W, 1410 MHz, 57 %, 61110 MiB
2026/10/03 13:26:21.604, 3, 52, 53.39 W, 1410 MHz, 30 %, 61126 MiB
2026/10/03 13:26:23.604, 0, 59, 98.66 W, 1410 MHz, 49 %, 61110 MiB
2026/10/03 13:26:23.605, 1, 69, 147.16 W, 1410 MHz, 42 %, 61126 MiB
2026/10/03 13:26:23.605, 2, 58, 133.52 W, 1410 MHz, 28 %, 61110 MiB
2026/10/03 13:26:23.605, 3, 53, 99.80 W, 1410 MHz, 55 %, 61126 MiB
2026/10/03 13:26:25.605, 0, 58, 95.61 W, 1410 MHz, 87 %, 61110 MiB
2026/10/03 13:26:25.606, 1, 69, 116.49 W, 1410 MHz, 44 %, 61126 MiB
2026/10/03 13:26:25.606, 2, 57, 104.92 W, 1410 MHz, 85 %, 61110 MiB
2026/10/03 13:26:25.606, 3, 53, 86.83 W, 1410 MHz, 92 %, 61126 MiB
2026/10/03 13:26:27.606, 0, 57, 60.37 W, 1410 MHz, 0 %, 61110 MiB
2026/10/03 13:26:27.607, 1, 67, 76.99 W, 1410 MHz, 0 %, 61126 MiB
2026/10/03 13:26:27.607, 2, 55, 49.03 W, 1140 MHz, 0 %, 61110 MiB
2026/10/03 13:26:27.607, 3, 52, 50.62 W, 1140 MHz, 0 %, 61126 MiB
2026/10/03 13:26:29.608, 0, 56, 52.03 W, 1140 MHz, 0 %, 61110 MiB
2026/10/03 13:26:29.608, 1, 65, 55.56 W, 1140 MHz, 0 %, 61126 MiB
2026/10/03 13:26:29.608, 2, 54, 48.74 W, 1140 MHz, 0 %, 61110 MiB
2026/10/03 13:26:29.608, 3, 51, 45.70 W, 1140 MHz, 0 %, 61126 MiB
2026/10/03 13:26:31.609, 0, 56, 51.94 W, 1140 MHz, 0 %, 61110 MiB
2026/10/03 13:26:31.609, 1, 65, 55.39 W, 1140 MHz, 0 %, 61126 MiB
2026/10/03 13:26:31.610, 2, 54, 48.54 W, 1140 MHz, 0 %, 61110 MiB
2026/10/03 13:26:31.610, 3, 51, 45.61 W, 1140 MHz, 0 %, 61126 MiB
2026/10/03 13:26:33.610, 0, 56, 51.75 W, 1140 MHz, 0 %, 61110 MiB
2026/10/03 13:26:33.611, 1, 64, 55.21 W, 1140 MHz, 0 %, 61126 MiB
2026/10/03 13:26:33.611, 2, 53, 48.54 W, 1140 MHz, 0 %, 61110 MiB
2026/10/03 13:26:33.611, 3, 51, 45.70 W, 1140 MHz, 0 %, 61126 MiB
2026/10/03 13:26:35.611, 0, 56, 51.84 W, 1140 MHz, 0 %, 61110 MiB
2026/10/03 13:26:35.612, 1, 64, 55.02 W, 1140 MHz, 0 %, 61126 MiB
2026/10/03 13:26:35.612, 2, 53, 48.34 W, 1140 MHz, 0 %, 61110 MiB
2026/10/03 13:26:35.612, 3, 51, 45.50 W, 1140 MHz, 0 %, 61126 MiB
2026/10/03 13:26:37.612, 0, 55, 51.65 W, 1140 MHz, 0 %, 61110 MiB
2026/10/03 13:26:37.613, 1, 64, 54.83 W, 1140 MHz, 0 %, 61126 MiB
2026/10/03 13:26:37.613, 2, 53, 48.16 W, 1140 MHz, 0 %, 61110 MiB
2026/10/03 13:26:37.613, 3, 50, 45.50 W, 1140 MHz, 0 %, 61126 MiB
2026/10/03 13:26:39.614, 0, 55, 51.56 W, 1140 MHz, 0 %, 61110 MiB
2026/10/03 13:26:39.614, 1, 64, 54.63 W, 1140 MHz, 0 %, 61126 MiB
2026/10/03 13:26:39.614, 2, 53, 48.16 W, 1140 MHz, 0 %, 61110 MiB
2026/10/03 13:26:39.614, 3, 50, 45.40 W, 1140 MHz, 0 %, 61126 MiB
2026/10/03 13:26:41.615, 0, 55, 51.56 W, 1140 MHz, 0 %, 61110 MiB
2026/10/03 13:26:41.615, 1, 64, 54.63 W, 1140 MHz, 0 %, 61126 MiB
2026/10/03 13:26:41.615, 2, 53, 48.06 W, 1140 MHz, 0 %, 61110 MiB
2026/10/03 13:26:41.616, 3, 50, 45.31 W, 1140 MHz, 0 %, 61126 MiB
2026/10/03 13:26:43.616, 0, 55, 51.35 W, 1140 MHz, 0 %, 61110 MiB
2026/10/03 13:26:43.616, 1, 63, 54.33 W, 1140 MHz, 0 %, 61126 MiB
2026/10/03 13:26:43.617, 2, 52, 47.97 W, 1140 MHz, 0 %, 61110 MiB
2026/10/03 13:26:43.617, 3, 50, 45.40 W, 1140 MHz, 0 %, 61126 MiB
2026/10/03 13:26:45.618, 0, 55, 51.37 W, 1140 MHz, 0 %, 61110 MiB
2026/10/03 13:26:45.618, 1, 63, 54.43 W, 1140 MHz, 0 %, 61126 MiB
2026/10/03 13:26:45.618, 2, 52, 47.97 W, 1140 MHz, 0 %, 61110 MiB
2026/10/03 13:26:45.618, 3, 50, 45.21 W, 1140 MHz, 0 %, 61126 MiB
2026/10/03 13:26:47.619, 0, 55, 51.26 W, 1140 MHz, 0 %, 61110 MiB
2026/10/03 13:26:47.619, 1, 63, 54.24 W, 1140 MHz, 0 %, 61126 MiB
2026/10/03 13:26:47.619, 2, 52, 47.87 W, 1140 MHz, 0 %, 61110 MiB
2026/10/03 13:26:47.619, 3, 50, 45.21 W, 1140 MHz, 0 %, 61126 MiB
2026/10/03 13:26:49.620, 0, 55, 51.16 W, 1140 MHz, 0 %, 61110 MiB
2026/10/03 13:26:49.620, 1, 63, 53.95 W, 1140 MHz, 0 %, 61126 MiB
2026/10/03 13:26:49.620, 2, 52, 47.68 W, 1140 MHz, 0 %, 61110 MiB
2026/10/03 13:26:49.620, 3, 50, 45.21 W, 1140 MHz, 0 %, 61126 MiB
2026/10/03 13:26:51.621, 0, 55, 51.16 W, 1140 MHz, 0 %, 61110 MiB
2026/10/03 13:26:51.621, 1, 63, 54.04 W, 1140 MHz, 0 %, 61126 MiB
2026/10/03 13:26:51.621, 2, 52, 47.68 W, 1140 MHz, 0 %, 61110 MiB
2026/10/03 13:26:51.622, 3, 50, 45.12 W, 1140 MHz, 0 %, 61126 MiB
2026/10/03 13:26:53.622, 0, 55, 51.16 W, 1140 MHz, 0 %, 61110 MiB
2026/10/03 13:26:53.623, 1, 63, 53.95 W, 1140 MHz, 0 %, 61126 MiB
2026/10/03 13:26:53.623, 2, 52, 47.49 W, 1140 MHz, 0 %, 61110 MiB
2026/10/03 13:26:53.623, 3, 50, 45.02 W, 1140 MHz, 0 %, 61126 MiB
2026/10/03 13:26:55.624, 0, 55, 51.07 W, 1140 MHz, 0 %, 61110 MiB
2026/10/03 13:26:55.625, 1, 63, 53.76 W, 1140 MHz, 0 %, 61126 MiB
2026/10/03 13:26:55.625, 2, 51, 47.59 W, 1140 MHz, 0 %, 61110 MiB
2026/10/03 13:26:55.625, 3, 49, 45.12 W, 1140 MHz, 0 %, 61126 MiB
2026/10/03 13:26:57.626, 0, 54, 51.17 W, 1140 MHz, 0 %, 61110 MiB
2026/10/03 13:26:57.626, 1, 62, 53.85 W, 1140 MHz, 0 %, 61126 MiB
2026/10/03 13:26:57.626, 2, 51, 47.59 W, 1140 MHz, 0 %, 61110 MiB
2026/10/03 13:26:57.626, 3, 49, 45.12 W, 1140 MHz, 0 %, 61126 MiB
2026/10/03 13:26:59.627, 0, 54, 50.97 W, 1140 MHz, 0 %, 61110 MiB
2026/10/03 13:26:59.627, 1, 62, 53.57 W, 1140 MHz, 0 %, 61126 MiB
2026/10/03 13:26:59.627, 2, 51, 47.41 W, 1140 MHz, 0 %, 61110 MiB
2026/10/03 13:26:59.627, 3, 49, 45.02 W, 1140 MHz, 0 %, 61126 MiB
2026/10/03 13:27:01.628, 0, 54, 50.88 W, 1140 MHz, 0 %, 61110 MiB
2026/10/03 13:27:01.628, 1, 62, 53.57 W, 1140 MHz, 0 %, 61126 MiB
2026/10/03 13:27:01.629, 2, 51, 47.49 W, 1140 MHz, 0 %, 61110 MiB
2026/10/03 13:27:01.629, 3, 49, 45.02 W, 1140 MHz, 0 %, 61126 MiB
2026/10/03 13:27:03.629, 0, 54, 50.88 W, 1140 MHz, 0 %, 61110 MiB
2026/10/03 13:27:03.630, 1, 62, 53.57 W, 1140 MHz, 0 %, 61126 MiB
2026/10/03 13:27:03.630, 2, 51, 47.29 W, 1140 MHz, 0 %, 61110 MiB
2026/10/03 13:27:03.630, 3, 49, 44.93 W, 1140 MHz, 0 %, 61126 MiB
2026/10/03 13:27:05.631, 0, 54, 50.89 W, 1140 MHz, 0 %, 61110 MiB
2026/10/03 13:27:05.631, 1, 62, 53.47 W, 1140 MHz, 0 %, 61126 MiB
2026/10/03 13:27:05.631, 2, 51, 47.30 W, 1140 MHz, 0 %, 61110 MiB
2026/10/03 13:27:05.631, 3, 49, 44.83 W, 1140 MHz, 0 %, 61126 MiB
2026/10/03 13:27:07.632, 0, 54, 65.95 W, 1140 MHz, 0 %, 61430 MiB
2026/10/03 13:27:07.632, 1, 62, 55.40 W, 1140 MHz, 0 %, 61446 MiB
2026/10/03 13:27:07.632, 2, 51, 45.08 W, 1140 MHz, 0 %, 61430 MiB
2026/10/03 13:27:07.632, 3, 49, 42.92 W, 1140 MHz, 0 %, 61446 MiB
2026/10/03 13:27:09.633, 0, 57, 180.26 W, 1410 MHz, 98 %, 62270 MiB
2026/10/03 13:27:09.633, 1, 65, 106.13 W, 1245 MHz, 95 %, 62286 MiB
2026/10/03 13:27:09.633, 2, 54, 137.10 W, 1260 MHz, 96 %, 62270 MiB
2026/10/03 13:27:09.634, 3, 52, 112.27 W, 1410 MHz, 98 %, 62286 MiB
2026/10/03 13:27:11.634, 0, 57, 81.43 W, 1350 MHz, 98 %, 62270 MiB
2026/10/03 13:27:11.634, 1, 66, 169.44 W, 1365 MHz, 93 %, 62286 MiB
2026/10/03 13:27:11.634, 2, 55, 111.83 W, 1260 MHz, 96 %, 62270 MiB
2026/10/03 13:27:11.635, 3, 52, 91.22 W, 1410 MHz, 90 %, 62286 MiB
2026/10/03 13:27:13.635, 0, 57, 185.95 W, 1410 MHz, 91 %, 62270 MiB
2026/10/03 13:27:13.635, 1, 66, 122.63 W, 1275 MHz, 91 %, 62286 MiB
2026/10/03 13:27:13.635, 2, 55, 172.19 W, 1320 MHz, 43 %, 62270 MiB
2026/10/03 13:27:13.636, 3, 52, 130.58 W, 1410 MHz, 90 %, 62286 MiB
2026/10/03 13:27:15.636, 0, 58, 74.39 W, 1410 MHz, 98 %, 62310 MiB
2026/10/03 13:27:15.636, 1, 66, 103.90 W, 1350 MHz, 96 %, 62326 MiB
2026/10/03 13:27:15.637, 2, 55, 145.61 W, 1350 MHz, 98 %, 62310 MiB
2026/10/03 13:27:15.637, 3, 52, 111.81 W, 1410 MHz, 98 %, 62326 MiB
2026/10/03 13:27:17.637, 0, 57, 95.11 W, 1410 MHz, 43 %, 62310 MiB
2026/10/03 13:27:17.637, 1, 66, 123.46 W, 1410 MHz, 6 %, 62326 MiB
2026/10/03 13:27:17.638, 2, 55, 116.21 W, 1410 MHz, 19 %, 62310 MiB
2026/10/03 13:27:17.638, 3, 52, 85.47 W, 1410 MHz, 29 %, 62326 MiB
2026/10/03 13:27:19.638, 0, 57, 60.76 W, 1410 MHz, 25 %, 62310 MiB
2026/10/03 13:27:19.638, 1, 66, 75.56 W, 1410 MHz, 98 %, 62326 MiB
2026/10/03 13:27:19.639, 2, 54, 108.66 W, 1410 MHz, 90 %, 62310 MiB
2026/10/03 13:27:19.639, 3, 51, 77.88 W, 1410 MHz, 44 %, 62326 MiB
2026/10/03 13:27:21.639, 0, 56, 68.41 W, 1410 MHz, 68 %, 62310 MiB
2026/10/03 13:27:21.640, 1, 65, 76.89 W, 1410 MHz, 43 %, 62326 MiB
2026/10/03 13:27:21.640, 2, 54, 66.72 W, 1410 MHz, 56 %, 62310 MiB
2026/10/03 13:27:21.640, 3, 51, 52.93 W, 1410 MHz, 69 %, 62326 MiB
2026/10/03 13:27:23.640, 0, 56, 61.51 W, 1410 MHz, 63 %, 62310 MiB
2026/10/03 13:27:23.641, 1, 65, 75.82 W, 1410 MHz, 59 %, 62326 MiB
2026/10/03 13:27:23.641, 2, 54, 76.89 W, 1410 MHz, 59 %, 62310 MiB
2026/10/03 13:27:23.641, 3, 51, 52.83 W, 1410 MHz, 58 %, 62326 MiB
2026/10/03 13:27:25.641, 0, 57, 99.91 W, 1410 MHz, 42 %, 62310 MiB
2026/10/03 13:27:25.642, 1, 67, 123.75 W, 1410 MHz, 31 %, 62326 MiB
2026/10/03 13:27:25.642, 2, 55, 109.43 W, 1410 MHz, 41 %, 62310 MiB
2026/10/03 13:27:25.642, 3, 52, 88.32 W, 1410 MHz, 55 %, 62326 MiB
2026/10/03 13:27:27.642, 0, 57, 91.52 W, 1410 MHz, 28 %, 62310 MiB
2026/10/03 13:27:27.643, 1, 66, 123.90 W, 1410 MHz, 8 %, 62326 MiB
2026/10/03 13:27:27.643, 2, 55, 108.97 W, 1410 MHz, 0 %, 62310 MiB
2026/10/03 13:27:27.643, 3, 52, 81.13 W, 1410 MHz, 47 %, 62326 MiB
2026/10/03 13:27:29.643, 0, 57, 90.23 W, 1410 MHz, 84 %, 62310 MiB
2026/10/03 13:27:29.644, 1, 67, 118.10 W, 1410 MHz, 85 %, 62326 MiB
2026/10/03 13:27:29.644, 2, 55, 118.37 W, 1410 MHz, 74 %, 62310 MiB
2026/10/03 13:27:29.644, 3, 52, 84.76 W, 1410 MHz, 64 %, 62326 MiB
2026/10/03 13:27:31.644, 0, 57, 79.61 W, 1410 MHz, 97 %, 62310 MiB
2026/10/03 13:27:31.645, 1, 66, 87.80 W, 1410 MHz, 78 %, 62326 MiB
2026/10/03 13:27:31.645, 2, 55, 69.14 W, 1410 MHz, 67 %, 62310 MiB
2026/10/03 13:27:31.645, 3, 52, 54.83 W, 1410 MHz, 97 %, 62326 MiB
2026/10/03 13:27:33.646, 0, 57, 63.43 W, 1410 MHz, 19 %, 62310 MiB
2026/10/03 13:27:33.646, 1, 66, 127.14 W, 1410 MHz, 0 %, 62326 MiB
2026/10/03 13:27:33.646, 2, 55, 121.75 W, 1410 MHz, 0 %, 62310 MiB
2026/10/03 13:27:33.646, 3, 51, 84.50 W, 1410 MHz, 37 %, 62326 MiB
2026/10/03 13:27:35.647, 0, 57, 97.12 W, 1410 MHz, 0 %, 62310 MiB
2026/10/03 13:27:35.647, 1, 66, 78.05 W, 1410 MHz, 0 %, 62326 MiB
2026/10/03 13:27:35.647, 2, 54, 67.01 W, 1410 MHz, 4 %, 62310 MiB
2026/10/03 13:27:35.647, 3, 51, 53.03 W, 1410 MHz, 15 %, 62326 MiB
2026/10/03 13:27:37.648, 0, 57, 63.31 W, 1410 MHz, 29 %, 62310 MiB
2026/10/03 13:27:37.648, 1, 66, 120.79 W, 1410 MHz, 29 %, 62326 MiB
2026/10/03 13:27:37.648, 2, 55, 81.60 W, 1410 MHz, 38 %, 62310 MiB
2026/10/03 13:27:37.648, 3, 51, 62.21 W, 1410 MHz, 26 %, 62326 MiB
2026/10/03 13:27:39.649, 0, 57, 91.82 W, 1410 MHz, 31 %, 62310 MiB
2026/10/03 13:27:39.649, 1, 67, 123.18 W, 1410 MHz, 31 %, 62326 MiB
2026/10/03 13:27:39.649, 2, 55, 100.86 W, 1410 MHz, 36 %, 62310 MiB
2026/10/03 13:27:39.649, 3, 52, 71.63 W, 1410 MHz, 34 %, 62326 MiB
2026/10/03 13:27:41.650, 0, 57, 91.00 W, 1410 MHz, 44 %, 62310 MiB
2026/10/03 13:27:41.650, 1, 67, 125.60 W, 1410 MHz, 26 %, 62326 MiB
2026/10/03 13:27:41.650, 2, 55, 113.97 W, 1410 MHz, 17 %, 62310 MiB
2026/10/03 13:27:41.650, 3, 52, 86.40 W, 1410 MHz, 61 %, 62326 MiB
2026/10/03 13:27:43.651, 0, 57, 98.23 W, 1410 MHz, 49 %, 62310 MiB
2026/10/03 13:27:43.651, 1, 67, 93.78 W, 1410 MHz, 62 %, 62326 MiB
2026/10/03 13:27:43.651, 2, 55, 118.59 W, 1410 MHz, 62 %, 62310 MiB
2026/10/03 13:27:43.652, 3, 52, 83.96 W, 1410 MHz, 30 %, 62326 MiB
2026/10/03 13:27:45.652, 0, 56, 61.05 W, 1410 MHz, 53 %, 62310 MiB
2026/10/03 13:27:45.652, 1, 66, 76.40 W, 1410 MHz, 62 %, 62326 MiB
2026/10/03 13:27:45.652, 2, 54, 68.46 W, 1410 MHz, 63 %, 62310 MiB
2026/10/03 13:27:45.653, 3, 51, 53.67 W, 1410 MHz, 53 %, 62326 MiB
2026/10/03 13:27:47.653, 0, 57, 91.53 W, 1410 MHz, 57 %, 62310 MiB
2026/10/03 13:27:47.653, 1, 67, 130.17 W, 1410 MHz, 39 %, 62326 MiB
2026/10/03 13:27:47.654, 2, 55, 100.60 W, 1410 MHz, 63 %, 62310 MiB
2026/10/03 13:27:47.654, 3, 52, 79.00 W, 1410 MHz, 61 %, 62326 MiB
2026/10/03 13:27:49.654, 0, 56, 60.96 W, 1410 MHz, 59 %, 62310 MiB
2026/10/03 13:27:49.654, 1, 66, 76.61 W, 1410 MHz, 57 %, 62326 MiB
2026/10/03 13:27:49.655, 2, 54, 67.10 W, 1410 MHz, 62 %, 62310 MiB
2026/10/03 13:27:49.655, 3, 51, 52.93 W, 1410 MHz, 58 %, 62326 MiB
2026/10/03 13:27:51.655, 0, 58, 98.34 W, 1410 MHz, 98 %, 62310 MiB
2026/10/03 13:27:51.656, 1, 68, 126.67 W, 1410 MHz, 98 %, 62326 MiB
2026/10/03 13:27:51.656, 2, 56, 115.14 W, 1410 MHz, 51 %, 62310 MiB
2026/10/03 13:27:51.656, 3, 53, 87.22 W, 1410 MHz, 97 %, 62326 MiB
2026/10/03 13:27:53.656, 0, 58, 74.51 W, 1410 MHz, 58 %, 62310 MiB
2026/10/03 13:27:53.657, 1, 68, 123.87 W, 1410 MHz, 98 %, 62326 MiB
2026/10/03 13:27:53.657, 2, 56, 117.60 W, 1410 MHz, 99 %, 62310 MiB
2026/10/03 13:27:53.657, 3, 52, 92.07 W, 1410 MHz, 68 %, 62326 MiB
2026/10/03 13:27:55.657, 0, 58, 90.72 W, 1410 MHz, 98 %, 62310 MiB
2026/10/03 13:27:55.658, 1, 68, 121.18 W, 1410 MHz, 98 %, 62326 MiB
2026/10/03 13:27:55.658, 2, 57, 114.77 W, 1410 MHz, 99 %, 62310 MiB
2026/10/03 13:27:55.658, 3, 52, 86.63 W, 1410 MHz, 97 %, 62326 MiB
2026/10/03 13:27:57.658, 0, 57, 97.19 W, 1410 MHz, 11 %, 62310 MiB
2026/10/03 13:27:57.659, 1, 66, 85.61 W, 1410 MHz, 62 %, 62326 MiB
2026/10/03 13:27:57.659, 2, 55, 70.44 W, 1410 MHz, 56 %, 62310 MiB
2026/10/03 13:27:57.659, 3, 52, 53.87 W, 1410 MHz, 1 %, 62326 MiB
2026/10/03 13:27:59.660, 0, 58, 93.88 W, 1410 MHz, 98 %, 62310 MiB
2026/10/03 13:27:59.660, 1, 68, 117.08 W, 1410 MHz, 42 %, 62326 MiB
2026/10/03 13:27:59.660, 2, 57, 113.50 W, 1410 MHz, 49 %, 62310 MiB
2026/10/03 13:27:59.660, 3, 52, 85.14 W, 1410 MHz, 97 %, 62326 MiB
2026/10/03 13:28:01.661, 0, 58, 92.82 W, 1410 MHz, 48 %, 62310 MiB
2026/10/03 13:28:01.661, 1, 67, 133.22 W, 1410 MHz, 63 %, 62326 MiB
2026/10/03 13:28:01.661, 2, 56, 67.69 W, 1410 MHz, 71 %, 62310 MiB
2026/10/03 13:28:01.661, 3, 52, 53.19 W, 1410 MHz, 63 %, 62326 MiB
2026/10/03 13:28:03.662, 0, 58, 94.15 W, 1410 MHz, 79 %, 62310 MiB
2026/10/03 13:28:03.662, 1, 68, 124.69 W, 1410 MHz, 94 %, 62326 MiB
2026/10/03 13:28:03.662, 2, 57, 115.08 W, 1410 MHz, 99 %, 62310 MiB
2026/10/03 13:28:03.662, 3, 53, 90.04 W, 1410 MHz, 97 %, 62326 MiB
2026/10/03 13:28:05.663, 0, 58, 97.62 W, 1410 MHz, 31 %, 62310 MiB
2026/10/03 13:28:05.663, 1, 68, 128.07 W, 1410 MHz, 31 %, 62326 MiB
2026/10/03 13:28:05.663, 2, 57, 119.19 W, 1410 MHz, 31 %, 62310 MiB
2026/10/03 13:28:05.663, 3, 52, 88.89 W, 1410 MHz, 31 %, 62326 MiB
2026/10/03 13:28:07.664, 0, 58, 95.23 W, 1410 MHz, 33 %, 62310 MiB
2026/10/03 13:28:07.664, 1, 68, 78.33 W, 1410 MHz, 33 %, 62326 MiB
2026/10/03 13:28:07.664, 2, 56, 67.98 W, 1410 MHz, 35 %, 62310 MiB
2026/10/03 13:28:07.664, 3, 52, 72.40 W, 1410 MHz, 30 %, 62326 MiB
2026/10/03 13:28:09.665, 0, 58, 94.51 W, 1410 MHz, 63 %, 62310 MiB
2026/10/03 13:28:09.665, 1, 68, 80.27 W, 1410 MHz, 80 %, 62326 MiB
2026/10/03 13:28:09.665, 2, 56, 69.40 W, 1410 MHz, 84 %, 62310 MiB
2026/10/03 13:28:09.665, 3, 52, 53.76 W, 1410 MHz, 42 %, 62326 MiB
2026/10/03 13:28:11.666, 0, 58, 68.29 W, 1410 MHz, 75 %, 62310 MiB
2026/10/03 13:28:11.666, 1, 68, 122.05 W, 1410 MHz, 59 %, 62326 MiB
2026/10/03 13:28:11.666, 2, 57, 115.63 W, 1410 MHz, 55 %, 62310 MiB
2026/10/03 13:28:11.667, 3, 53, 86.87 W, 1410 MHz, 94 %, 62326 MiB
2026/10/03 13:28:13.667, 0, 58, 62.26 W, 1410 MHz, 30 %, 62310 MiB
2026/10/03 13:28:13.667, 1, 68, 116.42 W, 1410 MHz, 39 %, 62326 MiB
2026/10/03 13:28:13.668, 2, 57, 113.93 W, 1410 MHz, 42 %, 62310 MiB
2026/10/03 13:28:13.668, 3, 52, 83.96 W, 1410 MHz, 30 %, 62326 MiB
2026/10/03 13:28:15.668, 0, 58, 90.95 W, 1410 MHz, 40 %, 62310 MiB
2026/10/03 13:28:15.669, 1, 67, 84.37 W, 1410 MHz, 44 %, 62326 MiB
2026/10/03 13:28:15.669, 2, 56, 71.40 W, 1410 MHz, 47 %, 62310 MiB
2026/10/03 13:28:15.669, 3, 52, 53.86 W, 1410 MHz, 60 %, 62326 MiB
2026/10/03 13:28:17.669, 0, 58, 60.86 W, 1410 MHz, 63 %, 62310 MiB
2026/10/03 13:28:17.670, 1, 68, 123.14 W, 1410 MHz, 63 %, 62326 MiB
2026/10/03 13:28:17.670, 2, 57, 119.15 W, 1410 MHz, 63 %, 62310 MiB
2026/10/03 13:28:17.670, 3, 53, 53.29 W, 1410 MHz, 61 %, 62326 MiB
2026/10/03 13:28:19.671, 0, 58, 98.75 W, 1410 MHz, 30 %, 62310 MiB
2026/10/03 13:28:19.671, 1, 69, 128.26 W, 1410 MHz, 21 %, 62326 MiB
2026/10/03 13:28:19.671, 2, 57, 120.81 W, 1410 MHz, 21 %, 62310 MiB
2026/10/03 13:28:19.672, 3, 53, 87.05 W, 1410 MHz, 30 %, 62326 MiB
2026/10/03 13:28:21.672, 0, 58, 78.15 W, 1410 MHz, 91 %, 62310 MiB
2026/10/03 13:28:21.672, 1, 68, 124.52 W, 1410 MHz, 87 %, 62326 MiB
2026/10/03 13:28:21.672, 2, 57, 122.22 W, 1410 MHz, 85 %, 62310 MiB
2026/10/03 13:28:21.673, 3, 52, 53.37 W, 1410 MHz, 70 %, 62326 MiB
2026/10/03 13:28:23.673, 0, 58, 91.44 W, 1410 MHz, 92 %, 62310 MiB
2026/10/03 13:28:23.673, 1, 68, 125.64 W, 1410 MHz, 85 %, 62326 MiB
2026/10/03 13:28:23.673, 2, 57, 68.84 W, 1410 MHz, 83 %, 62310 MiB
2026/10/03 13:28:23.674, 3, 53, 53.47 W, 1410 MHz, 72 %, 62326 MiB
2026/10/03 13:28:25.674, 0, 58, 63.43 W, 1410 MHz, 29 %, 62310 MiB
2026/10/03 13:28:25.674, 1, 68, 128.51 W, 1410 MHz, 31 %, 62326 MiB
2026/10/03 13:28:25.675, 2, 57, 117.54 W, 1410 MHz, 33 %, 62310 MiB
2026/10/03 13:28:25.675, 3, 52, 84.34 W, 1410 MHz, 30 %, 62326 MiB
2026/10/03 13:28:27.675, 0, 59, 94.50 W, 1410 MHz, 98 %, 62310 MiB
2026/10/03 13:28:27.675, 1, 69, 128.80 W, 1410 MHz, 98 %, 62326 MiB
2026/10/03 13:28:27.676, 2, 58, 116.42 W, 1410 MHz, 99 %, 62310 MiB
2026/10/03 13:28:27.676, 3, 53, 90.43 W, 1410 MHz, 97 %, 62326 MiB
2026/10/03 13:28:29.676, 0, 58, 92.51 W, 1410 MHz, 30 %, 62310 MiB
2026/10/03 13:28:29.677, 1, 68, 79.12 W, 1410 MHz, 30 %, 62326 MiB
2026/10/03 13:28:29.677, 2, 56, 68.17 W, 1410 MHz, 43 %, 62310 MiB
2026/10/03 13:28:29.677, 3, 52, 53.22 W, 1410 MHz, 41 %, 62326 MiB
2026/10/03 13:28:31.677, 0, 58, 64.96 W, 1410 MHz, 97 %, 62310 MiB
2026/10/03 13:28:31.678, 1, 68, 80.25 W, 1410 MHz, 98 %, 62326 MiB
2026/10/03 13:28:31.678, 2, 57, 69.23 W, 1410 MHz, 99 %, 62310 MiB
2026/10/03 13:28:31.678, 3, 52, 53.57 W, 1410 MHz, 97 %, 62326 MiB
2026/10/03 13:28:33.678, 0, 58, 82.03 W, 1410 MHz, 60 %, 62310 MiB
2026/10/03 13:28:33.679, 1, 68, 83.18 W, 1410 MHz, 77 %, 62326 MiB
2026/10/03 13:28:33.679, 2, 57, 72.38 W, 1410 MHz, 78 %, 62310 MiB
2026/10/03 13:28:33.679, 3, 52, 61.91 W, 1410 MHz, 60 %, 62326 MiB
2026/10/03 13:28:35.679, 0, 59, 97.79 W, 1410 MHz, 30 %, 62310 MiB
2026/10/03 13:28:35.680, 1, 69, 124.32 W, 1410 MHz, 35 %, 62326 MiB
2026/10/03 13:28:35.680, 2, 58, 116.49 W, 1410 MHz, 36 %, 62310 MiB
2026/10/03 13:28:35.680, 3, 53, 87.26 W, 1410 MHz, 87 %, 62326 MiB
2026/10/03 13:28:37.680, 0, 59, 63.72 W, 1410 MHz, 98 %, 62310 MiB
2026/10/03 13:28:37.681, 1, 68, 80.22 W, 1410 MHz, 98 %, 62326 MiB
2026/10/03 13:28:37.681, 2, 57, 69.14 W, 1410 MHz, 99 %, 62310 MiB
2026/10/03 13:28:37.681, 3, 53, 88.17 W, 1410 MHz, 97 %, 62326 MiB
2026/10/03 13:28:39.681, 0, 59, 94.22 W, 1410 MHz, 88 %, 62310 MiB
2026/10/03 13:28:39.682, 1, 70, 126.66 W, 1410 MHz, 97 %, 62326 MiB
2026/10/03 13:28:39.682, 2, 58, 119.44 W, 1410 MHz, 99 %, 62310 MiB
2026/10/03 13:28:39.682, 3, 53, 88.44 W, 1410 MHz, 97 %, 62326 MiB
2026/10/03 13:28:41.683, 0, 59, 97.99 W, 1410 MHz, 37 %, 62310 MiB
2026/10/03 13:28:41.683, 1, 70, 123.07 W, 1410 MHz, 28 %, 62326 MiB
2026/10/03 13:28:41.683, 2, 58, 116.44 W, 1410 MHz, 26 %, 62310 MiB
2026/10/03 13:28:41.683, 3, 53, 84.87 W, 1410 MHz, 58 %, 62326 MiB
2026/10/03 13:28:43.684, 0, 59, 100.35 W, 1410 MHz, 45 %, 62310 MiB
2026/10/03 13:28:43.684, 1, 69, 128.80 W, 1410 MHz, 38 %, 62326 MiB
2026/10/03 13:28:43.684, 2, 58, 119.70 W, 1410 MHz, 38 %, 62310 MiB
2026/10/03 13:28:43.684, 3, 53, 85.89 W, 1410 MHz, 61 %, 62326 MiB
2026/10/03 13:28:45.685, 0, 59, 95.65 W, 1410 MHz, 31 %, 62310 MiB
2026/10/03 13:28:45.685, 1, 69, 79.28 W, 1410 MHz, 31 %, 62326 MiB
2026/10/03 13:28:45.685, 2, 57, 68.27 W, 1410 MHz, 31 %, 62310 MiB
2026/10/03 13:28:45.685, 3, 53, 75.87 W, 1410 MHz, 27 %, 62326 MiB
2026/10/03 13:28:47.686, 0, 59, 62.17 W, 1410 MHz, 29 %, 62310 MiB
2026/10/03 13:28:47.686, 1, 69, 83.01 W, 1410 MHz, 29 %, 62326 MiB
2026/10/03 13:28:47.686, 2, 58, 79.91 W, 1410 MHz, 29 %, 62310 MiB
2026/10/03 13:28:47.687, 3, 53, 86.87 W, 1410 MHz, 36 %, 62326 MiB
2026/10/03 13:28:49.687, 0, 59, 94.53 W, 1410 MHz, 35 %, 62310 MiB
2026/10/03 13:28:49.687, 1, 69, 127.30 W, 1410 MHz, 28 %, 62326 MiB
2026/10/03 13:28:49.687, 2, 58, 118.58 W, 1410 MHz, 27 %, 62310 MiB
2026/10/03 13:28:49.688, 3, 53, 72.21 W, 1410 MHz, 57 %, 62326 MiB
2026/10/03 13:28:51.688, 0, 59, 99.96 W, 1410 MHz, 63 %, 62310 MiB
2026/10/03 13:28:51.688, 1, 70, 120.62 W, 1410 MHz, 63 %, 62326 MiB
2026/10/03 13:28:51.689, 2, 58, 117.70 W, 1410 MHz, 63 %, 62310 MiB
2026/10/03 13:28:51.689, 3, 53, 85.30 W, 1410 MHz, 75 %, 62326 MiB
