ts,temp_gpu_c,temp_mem_c,power_w,sm_mhz,mem_mhz,util_pct,mem_used_mib
2026-10-10T14:16:52Z,67,70,48.26,210,1728,0,0
2026-10-10T14:16:53Z,67,69,48.93,735,1728,0,6
2026-10-10T14:16:54Z,66,69,48.55,735,1728,0,6
2026-10-10T14:16:55Z,66,68,54.03,1140,1728,3,306
2026-10-10T14:16:56Z,66,68,54.03,1140,1728,13,700
2026-10-10T14:16:57Z,65,68,54.03,1140,1728,8,1316
2026-10-10T14:16:58Z,65,68,53.46,1140,1728,12,2014
2026-10-10T14:16:59Z,65,67,53.26,1140,1728,10,2938
2026-10-10T14:17:00Z,64,67,52.87,1140,1728,11,3764
2026-10-10T14:17:02Z,64,67,52.68,1140,1728,15,4658
2026-10-10T14:17:03Z,64,66,52.50,1140,1728,15,5532
2026-10-10T14:17:04Z,63,66,52.19,1140,1728,12,6330
2026-10-10T14:17:05Z,63,66,52.11,1140,1728,8,7300
2026-10-10T14:17:06Z,63,66,51.90,1140,1728,15,8184
2026-10-10T14:17:07Z,63,65,51.72,1140,1728,11,9044
2026-10-10T14:17:08Z,62,65,51.71,1140,1728,9,9918
2026-10-10T14:17:09Z,62,65,51.34,1140,1728,15,10896
2026-10-10T14:17:10Z,62,65,51.34,1140,1728,15,11758
2026-10-10T14:17:11Z,62,64,51.15,1140,1728,9,12560
2026-10-10T14:17:12Z,61,64,50.86,1140,1728,14,13360
2026-10-10T14:17:13Z,61,64,50.84,1140,1728,16,14110
2026-10-10T14:17:14Z,61,64,50.86,1140,1728,9,14836
2026-10-10T14:17:15Z,61,64,50.37,1140,1728,10,15484
2026-10-10T14:17:16Z,60,64,50.37,1140,1728,0,15484
2026-10-10T14:17:17Z,61,64,57.97,1410,1728,55,16546
2026-10-10T14:17:18Z,61,64,68.25,1410,1728,8,21962
2026-10-10T14:17:19Z,68,68,244.32,1410,1728,99,22996
2026-10-10T14:17:20Z,70,68,247.35,1410,1728,99,22996
2026-10-10T14:17:21Z,70,71,247.54,1410,1728,99,22996
2026-10-10T14:17:22Z,71,71,249.35,1410,1728,99,22996
2026-10-10T14:17:24Z,72,71,249.74,1410,1728,99,22996
2026-10-10T14:17:25Z,72,73,247.15,1410,1728,99,22996
2026-10-10T14:17:26Z,72,72,249.35,1410,1728,99,22996
2026-10-10T14:17:27Z,73,72,242.78,1410,1728,99,22996
2026-10-10T14:17:28Z,73,72,253.79,1410,1728,99,22996
2026-10-10T14:17:29Z,74,74,253.61,1410,1728,99,22996
2026-10-10T14:17:30Z,74,73,249.83,1395,1728,98,22996
2026-10-10T14:17:31Z,74,73,247.26,1395,1728,99,22996
2026-10-10T14:17:32Z,75,75,248.43,1410,1728,99,22996
2026-10-10T14:17:33Z,75,75,255.14,1410,1728,99,22996
2026-10-10T14:17:34Z,75,72,197.35,1410,1728,99,22996
2026-10-10T14:17:35Z,75,75,249.34,1395,1728,99,22996
2026-10-10T14:17:36Z,76,76,245.37,1395,1728,99,22996
2026-10-10T14:17:37Z,76,76,245.94,1395,1728,99,22996
2026-10-10T14:17:38Z,76,75,244.55,1395,1728,99,22996
2026-10-10T14:17:39Z,76,76,250.29,1395,1728,99,22996
2026-10-10T14:17:40Z,77,75,246.71,1395,1728,99,22996
2026-10-10T14:17:41Z,77,77,251.53,1395,1728,99,22996
2026-10-10T14:17:42Z,77,76,251.32,1395,1728,99,22996
2026-10-10T14:17:43Z,77,76,249.63,1395,1728,99,22996
2026-10-10T14:17:44Z,77,76,246.37,1395,1728,99,22996
2026-10-10T14:17:46Z,78,77,248.24,1395,1728,99,22996
2026-10-10T14:17:47Z,78,77,249.58,1395,1728,99,22996
2026-10-10T14:17:48Z,78,77,249.18,1395,1728,99,22996
2026-10-10T14:17:49Z,78,77,249.66,1395,1728,99,22996
2026-10-10T14:17:50Z,78,78,249.82,1380,1728,99,22996
2026-10-10T14:17:51Z,79,77,249.29,1380,1728,99,22996
2026-10-10T14:17:52Z,79,78,257.68,1395,1728,99,22996
2026-10-10T14:17:53Z,79,78,256.55,1395,1728,99,22996
2026-10-10T14:17:54Z,79,78,255.50,1395,1728,99,22996
2026-10-10T14:17:55Z,79,77,248.68,1395,1728,99,22996
2026-10-10T14:17:56Z,79,78,242.09,1380,1728,99,22996
2026-10-10T14:17:57Z,79,78,244.88,1395,1728,99,22996
2026-10-10T14:17:58Z,80,79,254.08,1395,1728,99,22996
