t_unix,power_w,sm_mhz,mem_mhz,mem_used_mib,util_pct,core_c
1791289823.01,68.82,1410.0,1458.0,56014.0,0.0,63.0
1791289823.52,68.79,1410.0,1458.0,56014.0,0.0,63.0
1791289824.02,51.61,1140.0,1458.0,56014.0,0.0,62.0
1791289824.51,50.83,1140.0,1458.0,56014.0,0.0,62.0
1791289825.01,63.42,1395.0,1458.0,56526.0,77.0,63.0
1791289825.51,130.34,1110.0,1458.0,58062.0,100.0,66.0
1791289826.01,127.05,1095.0,1458.0,58062.0,100.0,66.0
1791289826.51,135.82,1050.0,1458.0,58062.0,100.0,67.0
1791289827.01,145.2,990.0,1458.0,58062.0,100.0,67.0
1791289827.51,148.41,1050.0,1458.0,58062.0,100.0,67.0
1791289828.01,138.24,1065.0,1458.0,58062.0,100.0,67.0
1791289828.51,132.98,1080.0,1458.0,58062.0,100.0,67.0
1791289829.02,135.33,1080.0,1458.0,58062.0,100.0,67.0
1791289829.52,138.53,1065.0,1458.0,58062.0,100.0,67.0
1791289830.02,144.62,1035.0,1458.0,58062.0,100.0,67.0
1791289830.52,140.89,1050.0,1458.0,58062.0,100.0,67.0
1791289831.02,134.47,1035.0,1458.0,58062.0,100.0,67.0
1791289831.52,136.96,1065.0,1458.0,58062.0,100.0,67.0
1791289832.02,146.26,1065.0,1458.0,58062.0,100.0,67.0
1791289832.57,143.68,1080.0,1458.0,58062.0,100.0,67.0
1791289833.02,130.2,1065.0,1458.0,58062.0,100.0,68.0
1791289833.52,69.84,1410.0,1458.0,58062.0,69.0,65.0
1791289834.02,70.13,1410.0,1458.0,57038.0,20.0,64.0
1791289834.52,126.74,735.0,1458.0,59470.0,100.0,66.0
1791289835.02,140.12,885.0,1458.0,59470.0,96.0,68.0
1791289835.52,88.38,645.0,1458.0,59470.0,100.0,67.0
1791289836.02,141.0,960.0,1458.0,59470.0,95.0,68.0
1791289836.52,189.17,795.0,1458.0,59470.0,100.0,67.0
1791289837.02,141.76,930.0,1458.0,59470.0,100.0,68.0
1791289837.52,107.09,855.0,1458.0,59470.0,100.0,67.0
1791289838.02,136.78,990.0,1458.0,59470.0,100.0,68.0
1791289838.52,125.51,900.0,1458.0,59470.0,97.0,67.0
1791289839.02,140.25,720.0,1458.0,59470.0,100.0,68.0
1791289839.52,124.49,870.0,1458.0,59470.0,96.0,68.0
1791289840.02,173.98,705.0,1458.0,59470.0,100.0,68.0
1791289840.53,136.78,930.0,1458.0,59470.0,96.0,68.0
1791289841.03,115.38,600.0,1458.0,59470.0,93.0,68.0
1791289841.53,130.7,915.0,1458.0,59470.0,97.0,68.0
1791289842.03,141.32,705.0,1458.0,59470.0,97.0,68.0
1791289842.53,107.54,945.0,1458.0,59470.0,98.0,68.0
1791289843.03,138.97,705.0,1458.0,59470.0,96.0,68.0
1791289843.53,120.25,945.0,1458.0,59470.0,100.0,68.0
1791289844.03,141.04,765.0,1458.0,59470.0,93.0,68.0
1791289844.53,124.1,945.0,1458.0,59470.0,100.0,68.0
1791289845.03,178.49,750.0,1458.0,59470.0,95.0,68.0
1791289845.53,137.25,945.0,1458.0,59470.0,100.0,68.0
1791289846.03,117.47,750.0,1458.0,59470.0,100.0,68.0
1791289846.53,140.03,960.0,1458.0,59470.0,100.0,69.0
1791289847.03,89.27,615.0,1458.0,59470.0,100.0,68.0
1791289847.53,140.99,945.0,1458.0,59470.0,100.0,69.0
1791289848.03,180.51,765.0,1458.0,59470.0,100.0,68.0
1791289848.53,142.61,960.0,1458.0,59470.0,96.0,69.0
1791289849.03,150.6,555.0,1458.0,59470.0,100.0,68.0
1791289849.53,130.26,960.0,1458.0,59470.0,96.0,69.0
1791289850.03,115.18,675.0,1458.0,59470.0,100.0,68.0
1791289850.53,140.03,990.0,1458.0,59470.0,94.0,69.0
1791289851.03,184.69,990.0,1458.0,59502.0,100.0,68.0
1791289851.54,136.48,960.0,1458.0,59502.0,96.0,69.0
1791289852.04,124.68,525.0,1458.0,59502.0,100.0,68.0
1791289852.54,141.42,945.0,1458.0,59502.0,95.0,69.0
1791289853.04,99.56,615.0,1458.0,59502.0,97.0,68.0
1791289853.54,141.42,945.0,1458.0,59502.0,95.0,69.0
1791289854.04,193.6,765.0,1458.0,59502.0,96.0,68.0
1791289854.54,142.33,945.0,1458.0,59502.0,96.0,69.0
1791289855.04,125.93,780.0,1458.0,59502.0,95.0,68.0
1791289855.54,142.47,945.0,1458.0,59502.0,96.0,69.0
1791289856.04,106.76,675.0,1458.0,59502.0,97.0,68.0
1791289856.54,140.85,945.0,1458.0,59502.0,96.0,69.0
1791289857.04,109.7,750.0,1458.0,59502.0,96.0,68.0
1791289857.54,140.9,960.0,1458.0,59502.0,96.0,69.0
1791289858.04,132.08,735.0,1458.0,59502.0,100.0,68.0
1791289858.54,139.65,960.0,1458.0,59502.0,100.0,69.0
1791289859.04,95.22,765.0,1458.0,59502.0,100.0,68.0
1791289859.54,140.81,960.0,1458.0,59502.0,100.0,69.0
1791289860.04,196.78,870.0,1458.0,59502.0,100.0,69.0
1791289860.55,142.75,930.0,1458.0,59502.0,96.0,69.0
1791289861.05,150.01,840.0,1458.0,59502.0,100.0,69.0
1791289861.55,141.72,900.0,1458.0,59502.0,94.0,69.0
1791289862.05,117.03,915.0,1458.0,59502.0,100.0,69.0
1791289862.55,145.2,990.0,1458.0,59502.0,93.0,69.0
1791289863.05,119.71,915.0,1458.0,59502.0,100.0,69.0
1791289863.55,154.47,615.0,1458.0,59502.0,95.0,69.0
1791289864.05,131.2,915.0,1458.0,59502.0,96.0,69.0
1791289864.55,165.16,630.0,1458.0,59502.0,96.0,69.0
1791289865.05,133.32,930.0,1458.0,59502.0,95.0,69.0
1791289865.55,117.01,810.0,1458.0,59502.0,96.0,69.0
1791289866.05,138.98,945.0,1458.0,59502.0,96.0,69.0
1791289866.55,143.01,795.0,1458.0,59502.0,96.0,69.0
1791289867.05,113.57,975.0,1458.0,59502.0,96.0,69.0
1791289867.55,145.68,600.0,1458.0,59502.0,82.0,70.0
1791289868.05,115.29,945.0,1458.0,59502.0,97.0,70.0
1791289868.55,150.12,765.0,1458.0,59502.0,96.0,69.0
1791289869.05,120.98,930.0,1458.0,59502.0,95.0,69.0
1791289869.55,162.21,780.0,1458.0,59502.0,96.0,69.0
1791289870.05,133.22,945.0,1458.0,59502.0,92.0,70.0
1791289870.55,177.82,705.0,1458.0,59502.0,96.0,69.0
1791289871.05,128.81,870.0,1458.0,59502.0,80.0,70.0
1791289871.55,160.43,585.0,1458.0,59502.0,94.0,70.0
1791289872.05,121.56,900.0,1458.0,59502.0,97.0,69.0
1791289872.55,157.57,750.0,1458.0,59502.0,96.0,70.0
1791289873.06,129.49,900.0,1458.0,59502.0,96.0,69.0
1791289873.56,160.76,720.0,1458.0,59502.0,96.0,70.0
1791289874.06,129.64,900.0,1458.0,59502.0,94.0,69.0
1791289874.56,168.91,930.0,1458.0,59502.0,100.0,70.0
1791289875.06,86.04,810.0,1458.0,59502.0,100.0,69.0
1791289875.56,140.46,930.0,1458.0,59502.0,100.0,70.0
1791289876.06,162.06,840.0,1458.0,59502.0,100.0,69.0
1791289876.56,139.84,930.0,1458.0,59502.0,99.0,70.0
1791289877.06,184.69,840.0,1458.0,59502.0,100.0,69.0
1791289877.56,142.33,885.0,1458.0,59502.0,97.0,70.0
1791289878.06,162.08,840.0,1458.0,59502.0,100.0,69.0
1791289878.56,142.04,930.0,1458.0,59502.0,96.0,70.0
1791289879.06,126.07,750.0,1458.0,59502.0,100.0,69.0
1791289879.56,141.85,885.0,1458.0,59502.0,97.0,70.0
1791289880.06,108.33,840.0,1458.0,59502.0,100.0,69.0
1791289880.56,142.52,840.0,1458.0,59502.0,96.0,70.0
1791289881.06,116.32,840.0,1458.0,59502.0,100.0,69.0
1791289881.56,149.49,945.0,1458.0,59502.0,96.0,70.0
1791289882.06,116.83,855.0,1458.0,59502.0,100.0,69.0
1791289882.56,169.96,630.0,1458.0,59502.0,97.0,70.0
1791289883.06,126.7,870.0,1458.0,59502.0,97.0,70.0
1791289883.56,165.87,705.0,1458.0,59502.0,96.0,70.0
1791289884.06,60.14,765.0,1458.0,59502.0,83.0,70.0
1791289884.56,141.18,960.0,1458.0,59502.0,96.0,70.0
1791289885.06,98.87,750.0,1458.0,59502.0,97.0,69.0
1791289885.56,142.0,870.0,1458.0,59502.0,97.0,70.0
1791289886.06,147.26,765.0,1458.0,59502.0,96.0,69.0
1791289886.56,141.42,945.0,1458.0,59502.0,96.0,70.0
1791289887.06,169.39,720.0,1458.0,59502.0,96.0,69.0
1791289887.56,141.37,945.0,1458.0,59502.0,97.0,70.0
1791289888.07,165.31,630.0,1458.0,59502.0,96.0,69.0
1791289888.57,140.12,930.0,1458.0,59502.0,94.0,70.0
1791289889.07,145.74,645.0,1458.0,59502.0,96.0,69.0
1791289889.57,141.67,930.0,1458.0,59502.0,97.0,70.0
1791289890.07,122.32,630.0,1458.0,59502.0,96.0,70.0
1791289890.57,141.47,930.0,1458.0,59502.0,96.0,70.0
1791289891.07,97.86,855.0,1458.0,59502.0,96.0,70.0
1791289891.57,142.23,930.0,1458.0,59502.0,95.0,70.0
1791289892.07,97.77,840.0,1458.0,59502.0,96.0,69.0
1791289892.57,142.32,945.0,1458.0,59502.0,96.0,70.0
1791289893.07,128.78,960.0,1458.0,59502.0,97.0,70.0
1791289893.57,113.52,945.0,1458.0,59502.0,100.0,70.0
1791289894.07,146.6,825.0,1458.0,59502.0,96.0,70.0
1791289894.57,125.65,945.0,1458.0,59502.0,100.0,70.0
1791289895.07,170.46,930.0,1458.0,59502.0,97.0,70.0
1791289895.57,131.16,945.0,1458.0,59502.0,100.0,70.0
1791289896.07,170.91,930.0,1458.0,59502.0,95.0,70.0
1791289896.57,130.45,945.0,1458.0,59502.0,100.0,70.0
1791289897.07,148.84,780.0,1458.0,59502.0,96.0,70.0
1791289897.57,137.3,945.0,1458.0,59502.0,100.0,70.0
1791289898.07,132.12,915.0,1458.0,59502.0,100.0,70.0
1791289898.57,135.97,945.0,1458.0,59502.0,100.0,70.0
1791289899.07,129.38,825.0,1458.0,59502.0,100.0,70.0
1791289899.57,141.09,960.0,1458.0,59502.0,100.0,71.0
1791289900.07,94.08,1065.0,1458.0,59502.0,100.0,70.0
1791289900.57,142.42,975.0,1458.0,59502.0,100.0,71.0
1791289901.07,74.03,1410.0,1458.0,59502.0,34.0,67.0
1791289901.57,144.46,795.0,1458.0,59502.0,35.0,70.0
1791289902.08,142.9,885.0,1458.0,59502.0,100.0,70.0
1791289902.58,143.33,870.0,1458.0,59502.0,100.0,70.0
1791289903.08,142.72,885.0,1458.0,59502.0,100.0,70.0
1791289903.58,139.46,855.0,1458.0,59502.0,100.0,70.0
1791289904.1,142.57,870.0,1458.0,59502.0,100.0,70.0
1791289904.58,130.67,675.0,1458.0,59502.0,100.0,70.0
1791289905.08,141.02,885.0,1458.0,59502.0,100.0,70.0
1791289905.58,126.74,795.0,1458.0,59502.0,100.0,70.0
1791289906.08,139.9,885.0,1458.0,59502.0,75.0,70.0
1791289906.58,141.28,885.0,1458.0,59502.0,100.0,70.0
1791289907.08,141.71,870.0,1458.0,59502.0,100.0,70.0
1791289907.58,141.66,855.0,1458.0,59502.0,100.0,71.0
1791289908.08,68.82,1125.0,1458.0,59502.0,60.0,69.0
1791289908.58,141.24,885.0,1458.0,59502.0,100.0,70.0
1791289909.08,143.92,900.0,1458.0,59502.0,100.0,70.0
1791289909.58,144.82,870.0,1458.0,59502.0,100.0,71.0
1791289910.08,140.36,855.0,1458.0,59502.0,100.0,70.0
1791289910.58,143.38,870.0,1458.0,59502.0,100.0,70.0
1791289911.08,129.59,585.0,1458.0,59502.0,100.0,70.0
1791289911.58,144.73,885.0,1458.0,59502.0,100.0,71.0
1791289912.08,126.98,750.0,1458.0,59502.0,100.0,70.0
1791289912.58,145.34,885.0,1458.0,59502.0,46.0,70.0
1791289913.08,142.04,870.0,1458.0,59502.0,100.0,71.0
1791289913.58,142.85,885.0,1458.0,59502.0,100.0,71.0
1791289914.08,144.01,885.0,1458.0,59502.0,100.0,71.0
1791289914.58,140.62,1365.0,1458.0,59502.0,100.0,69.0
1791289915.08,142.65,885.0,1458.0,59502.0,100.0,71.0
1791289915.58,104.96,870.0,1458.0,59502.0,100.0,70.0
1791289916.08,141.94,885.0,1458.0,59502.0,100.0,71.0
1791289916.58,131.35,855.0,1458.0,59502.0,100.0,70.0
1791289917.08,73.8,1410.0,1458.0,59502.0,9.0,68.0
1791289917.59,72.55,1410.0,1458.0,59502.0,0.0,67.0
1791289918.09,72.17,1410.0,1458.0,59502.0,0.0,67.0
1791289918.59,72.06,1140.0,1458.0,59502.0,0.0,66.0
1791289919.09,53.44,1140.0,1458.0,59502.0,0.0,66.0
1791289919.59,54.67,1140.0,1458.0,56014.0,0.0,65.0
1791289920.09,53.13,1140.0,1458.0,56014.0,0.0,65.0
