ts,temp_gpu_c,temp_mem_c,power_w,power_limit_w,sm_mhz,mem_mhz,util_pct,mem_used_mib
2026-10-10T14:43:10Z,50,54,39.56,180.00,210,1728,0,0
2026-10-10T14:43:11Z,50,54,39.76,180.00,210,1728,0,0
2026-10-10T14:43:12Z,50,54,39.75,180.00,210,1728,0,0
2026-10-10T14:43:13Z,50,54,39.76,180.00,210,1728,0,0
2026-10-10T14:43:14Z,50,54,39.75,180.00,210,1728,0,0
2026-10-10T14:43:15Z,50,54,39.75,180.00,210,1728,0,0
2026-10-10T14:43:16Z,50,54,39.65,180.00,210,1728,0,0
2026-10-10T14:43:17Z,50,54,39.75,180.00,210,1728,0,0
2026-10-10T14:43:18Z,50,54,39.76,180.00,210,1728,0,0
2026-10-10T14:43:19Z,50,54,39.75,180.00,210,1728,0,0
2026-10-10T14:43:20Z,50,54,39.76,180.00,210,1728,0,0
2026-10-10T14:43:21Z,50,54,39.38,180.00,210,1728,0,0
2026-10-10T14:43:23Z,50,54,39.46,180.00,210,1728,0,0
2026-10-10T14:43:24Z,50,54,39.38,180.00,210,1728,0,0
2026-10-10T14:43:25Z,50,54,39.38,180.00,210,1728,0,0
2026-10-10T14:43:26Z,50,54,39.38,180.00,210,1728,0,0
2026-10-10T14:43:27Z,50,54,39.36,180.00,210,1728,0,0
2026-10-10T14:43:28Z,50,54,39.47,180.00,210,1728,0,0
2026-10-10T14:43:29Z,50,54,39.38,180.00,210,1728,0,0
2026-10-10T14:43:30Z,50,52,39.38,180.00,210,1728,0,0
2026-10-10T14:43:31Z,50,54,39.36,180.00,210,1728,0,0
2026-10-10T14:43:32Z,49,54,39.38,180.00,210,1728,0,0
2026-10-10T14:43:33Z,49,53,39.38,180.00,210,1728,0,0
2026-10-10T14:43:34Z,49,53,39.36,180.00,210,1728,0,0
2026-10-10T14:43:35Z,49,53,39.28,180.00,210,1728,0,0
2026-10-10T14:43:36Z,49,53,39.27,180.00,210,1728,0,0
2026-10-10T14:43:37Z,49,54,39.28,180.00,210,1728,0,0
2026-10-10T14:43:38Z,49,53,39.38,180.00,210,1728,0,0
2026-10-10T14:43:39Z,49,53,39.27,180.00,210,1728,0,0
2026-10-10T14:43:40Z,49,53,39.27,180.00,210,1728,0,0
2026-10-10T14:43:41Z,49,53,39.16,180.00,210,1728,0,0
2026-10-10T14:43:43Z,49,53,39.16,180.00,210,1728,0,6
2026-10-10T14:43:44Z,49,53,39.16,180.00,210,1728,0,6
2026-10-10T14:43:45Z,49,53,39.27,180.00,210,1728,0,6
2026-10-10T14:43:46Z,49,53,39.27,180.00,210,1728,0,0
2026-10-10T14:43:47Z,49,53,39.27,180.00,210,1728,0,6
2026-10-10T14:43:48Z,49,53,39.27,180.00,210,1728,0,6
2026-10-10T14:43:49Z,49,53,39.27,180.00,210,1728,0,6
2026-10-10T14:43:50Z,49,53,39.27,180.00,210,1728,0,6
2026-10-10T14:43:51Z,49,53,39.28,180.00,210,1728,0,6
2026-10-10T14:43:52Z,49,53,39.17,180.00,210,1728,0,6
2026-10-10T14:43:53Z,49,53,39.26,180.00,210,1728,0,6
2026-10-10T14:43:54Z,49,53,39.16,180.00,210,1728,0,6
2026-10-10T14:43:55Z,49,53,39.17,180.00,210,1728,0,6
2026-10-10T14:43:56Z,49,53,39.17,180.00,210,1728,0,6
2026-10-10T14:43:57Z,49,53,39.17,180.00,210,1728,0,6
2026-10-10T14:43:58Z,49,53,39.27,180.00,210,1728,0,6
2026-10-10T14:43:59Z,49,53,39.17,180.00,210,1728,0,6
2026-10-10T14:44:01Z,49,53,39.17,180.00,210,1728,0,6
2026-10-10T14:44:02Z,49,53,39.16,180.00,210,1728,0,6
2026-10-10T14:44:03Z,49,53,39.38,180.00,210,1728,0,6
2026-10-10T14:44:04Z,49,53,39.16,180.00,210,1728,0,6
2026-10-10T14:44:05Z,49,53,39.38,180.00,210,1728,0,6
2026-10-10T14:44:06Z,49,53,39.08,180.00,210,1728,0,6
2026-10-10T14:44:07Z,49,53,39.17,180.00,210,1728,0,6
2026-10-10T14:44:08Z,49,53,39.08,180.00,210,1728,0,6
2026-10-10T14:44:09Z,49,53,39.26,180.00,210,1728,0,6
2026-10-10T14:44:10Z,49,53,38.97,180.00,210,1728,0,6
2026-10-10T14:44:11Z,49,53,39.17,180.00,210,1728,0,6
2026-10-10T14:44:12Z,49,53,39.08,180.00,210,1728,0,6
2026-10-10T14:44:13Z,49,53,39.24,180.00,210,1728,0,6
2026-10-10T14:44:14Z,49,53,38.94,180.00,210,1728,0,6
2026-10-10T14:44:15Z,48,53,39.04,180.00,210,1728,0,6
2026-10-10T14:44:16Z,48,53,39.06,180.00,210,1728,0,6
2026-10-10T14:44:17Z,48,53,38.97,180.00,210,1728,0,6
2026-10-10T14:44:18Z,48,53,38.97,180.00,210,1728,0,6
2026-10-10T14:44:19Z,48,53,38.98,180.00,210,1728,0,6
2026-10-10T14:44:21Z,48,52,38.98,180.00,210,1728,0,6
2026-10-10T14:44:22Z,48,53,38.98,180.00,210,1728,0,6
2026-10-10T14:44:23Z,48,53,38.88,180.00,210,1728,0,6
2026-10-10T14:44:24Z,48,53,38.98,180.00,210,1728,0,6
2026-10-10T14:44:25Z,48,52,38.98,180.00,210,1728,0,6
2026-10-10T14:44:26Z,48,52,38.89,180.00,210,1728,0,6
2026-10-10T14:44:27Z,48,52,39.08,180.00,210,1728,0,6
2026-10-10T14:44:28Z,48,52,38.88,180.00,210,1728,0,6
2026-10-10T14:44:29Z,48,52,38.88,180.00,210,1728,0,6
2026-10-10T14:44:30Z,48,52,38.89,180.00,210,1728,0,6
2026-10-10T14:44:31Z,49,52,50.01,180.00,1275,1728,4,422
2026-10-10T14:44:32Z,49,52,50.01,180.00,1275,1728,1,14442
2026-10-10T14:44:33Z,49,52,44.60,180.00,1140,1728,0,14442
2026-10-10T14:44:34Z,49,52,44.60,180.00,1140,1728,12,15062
2026-10-10T14:44:35Z,49,52,44.69,180.00,1140,1728,13,15062
2026-10-10T14:44:36Z,49,52,44.90,180.00,1140,1728,14,15062
2026-10-10T14:44:37Z,49,52,44.60,180.00,1140,1728,12,15062
2026-10-10T14:44:38Z,49,52,44.99,180.00,1140,1728,13,15062
2026-10-10T14:44:39Z,49,52,44.60,180.00,1140,1728,12,15062
2026-10-10T14:44:40Z,49,53,44.60,180.00,1140,1728,13,15062
2026-10-10T14:44:42Z,49,52,44.60,180.00,1140,1728,13,15062
2026-10-10T14:44:43Z,49,52,44.60,180.00,1140,1728,13,15062
2026-10-10T14:44:44Z,49,52,44.68,180.00,1140,1728,12,15062
2026-10-10T14:44:45Z,48,52,44.80,180.00,1140,1728,13,15062
2026-10-10T14:44:46Z,49,52,44.69,180.00,1140,1728,13,15062
2026-10-10T14:44:47Z,49,52,44.80,180.00,1140,1728,12,15062
2026-10-10T14:44:48Z,49,52,44.80,180.00,1140,1728,12,15062
2026-10-10T14:44:49Z,49,52,44.71,180.00,1140,1728,13,15062
2026-10-10T14:44:50Z,49,52,44.69,180.00,1140,1728,0,15062
2026-10-10T14:44:51Z,49,52,44.69,180.00,1140,1728,14,15062
2026-10-10T14:44:52Z,49,52,44.69,180.00,1140,1728,10,15062
2026-10-10T14:44:53Z,49,53,44.79,180.00,1140,1728,1,34146
2026-10-10T14:44:54Z,49,52,44.80,180.00,1140,1728,13,34146
2026-10-10T14:44:55Z,49,52,44.80,180.00,1140,1728,0,37128
2026-10-10T14:44:56Z,49,52,58.94,180.00,1410,1728,0,16510
2026-10-10T14:44:57Z,49,53,59.03,180.00,1410,1728,0,16510
2026-10-10T14:44:58Z,49,52,44.69,180.00,1140,1728,0,16510
2026-10-10T14:44:59Z,49,52,44.69,180.00,1140,1728,0,16510
2026-10-10T14:45:00Z,49,52,44.80,180.00,1140,1728,0,16510
2026-10-10T14:45:01Z,49,52,44.69,180.00,1140,1728,0,16510
2026-10-10T14:45:02Z,49,52,44.80,180.00,1140,1728,0,16510
2026-10-10T14:45:04Z,49,52,44.69,180.00,1140,1728,0,16510
2026-10-10T14:45:05Z,49,52,44.69,180.00,1140,1728,0,16510
2026-10-10T14:45:06Z,49,52,44.71,180.00,1140,1728,0,16510
2026-10-10T14:45:07Z,49,52,44.69,180.00,1140,1728,0,16510
2026-10-10T14:45:08Z,49,52,44.69,180.00,1140,1728,0,16510
2026-10-10T14:45:09Z,49,52,44.60,180.00,1140,1728,0,16510
2026-10-10T14:45:10Z,49,52,44.80,180.00,1140,1728,0,16510
2026-10-10T14:45:11Z,49,52,44.69,180.00,1140,1728,0,16510
2026-10-10T14:45:12Z,49,52,44.71,180.00,1140,1728,0,16510
2026-10-10T14:45:13Z,49,52,44.69,180.00,1140,1728,0,16510
2026-10-10T14:45:14Z,49,52,44.60,180.00,1140,1728,0,16510
2026-10-10T14:45:15Z,49,52,44.71,180.00,1140,1728,0,16510
2026-10-10T14:45:16Z,49,52,44.69,180.00,1140,1728,0,16510
2026-10-10T14:45:17Z,49,52,44.50,180.00,1140,1728,0,16510
2026-10-10T14:45:18Z,49,52,44.50,180.00,1140,1728,0,16510
2026-10-10T14:45:19Z,49,52,44.50,180.00,1140,1728,0,16510
2026-10-10T14:45:20Z,49,52,44.68,180.00,1140,1728,0,16510
2026-10-10T14:45:21Z,49,52,44.49,180.00,1140,1728,0,16510
2026-10-10T14:45:22Z,49,52,44.60,180.00,1140,1728,0,16510
2026-10-10T14:45:23Z,49,52,44.50,180.00,1140,1728,0,16510
2026-10-10T14:45:24Z,49,52,44.49,180.00,1140,1728,0,16510
2026-10-10T14:45:26Z,49,52,44.50,180.00,1140,1728,0,16510
2026-10-10T14:45:27Z,49,52,44.50,180.00,1140,1728,0,16510
2026-10-10T14:45:28Z,49,52,44.50,180.00,1140,1728,0,16510
2026-10-10T14:45:29Z,49,52,44.50,180.00,1140,1728,0,16510
2026-10-10T14:45:30Z,49,52,44.49,180.00,1140,1728,0,16510
2026-10-10T14:45:31Z,48,52,44.40,180.00,1140,1728,0,16510
2026-10-10T14:45:32Z,48,52,44.50,180.00,1140,1728,0,16510
2026-10-10T14:45:33Z,49,52,44.50,180.00,1140,1728,0,16510
2026-10-10T14:45:34Z,49,53,44.40,180.00,1140,1728,0,16530
2026-10-10T14:45:35Z,49,51,44.60,180.00,1140,1728,11,16530
2026-10-10T14:45:36Z,49,51,44.60,180.00,1140,1728,0,16510
2026-10-10T14:45:37Z,49,52,44.47,180.00,1140,1728,0,17750
2026-10-10T14:45:38Z,49,52,44.60,180.00,1140,1728,0,17750
2026-10-10T14:45:39Z,49,52,44.49,180.00,1140,1728,9,17750
2026-10-10T14:45:40Z,49,52,44.49,180.00,1140,1728,0,17750
2026-10-10T14:45:41Z,48,52,44.60,180.00,1140,1728,0,17750
2026-10-10T14:45:42Z,49,54,72.20,180.00,1410,1728,64,17750
2026-10-10T14:45:43Z,49,52,58.75,180.00,1410,1728,0,17750
2026-10-10T14:45:44Z,49,53,44.69,180.00,1140,1728,0,17750
2026-10-10T14:45:45Z,49,52,44.60,180.00,1140,1728,0,17750
2026-10-10T14:45:46Z,49,52,44.69,180.00,1140,1728,0,16510
2026-10-10T14:45:48Z,49,52,44.69,180.00,1140,1728,0,16510
2026-10-10T14:45:49Z,49,52,44.58,180.00,1140,1728,0,16510
2026-10-10T14:45:50Z,49,53,59.52,180.00,1410,1728,63,16790
2026-10-10T14:45:51Z,49,53,58.75,180.00,1410,1728,0,16790
2026-10-10T14:45:52Z,49,52,44.60,180.00,1140,1728,0,16790
2026-10-10T14:45:53Z,49,52,44.80,180.00,1140,1728,0,16510
2026-10-10T14:45:54Z,49,51,44.60,180.00,1140,1728,0,16510
2026-10-10T14:45:55Z,49,52,89.41,180.00,1140,1728,0,16610
2026-10-10T14:45:56Z,49,53,58.94,180.00,1410,1728,0,16630
2026-10-10T14:45:57Z,49,53,59.03,180.00,1140,1728,0,16630
2026-10-10T14:45:58Z,49,53,53.65,180.00,1140,1728,12,16650
2026-10-10T14:45:59Z,49,53,44.67,180.00,1140,1728,0,16650
2026-10-10T14:46:00Z,49,51,44.69,180.00,1140,1728,0,16650
2026-10-10T14:46:01Z,49,53,44.71,180.00,1140,1728,0,16790
2026-10-10T14:46:02Z,49,52,44.80,180.00,1140,1728,0,16790
2026-10-10T14:46:03Z,49,52,44.69,180.00,1140,1728,0,16790
2026-10-10T14:46:04Z,49,51,45.07,180.00,1140,1728,0,16790
2026-10-10T14:46:05Z,49,53,44.60,180.00,1140,1728,0,16790
2026-10-10T14:46:06Z,49,51,44.69,180.00,1140,1728,0,16790
2026-10-10T14:46:07Z,49,51,44.69,180.00,1140,1728,0,16790
2026-10-10T14:46:08Z,49,51,44.60,180.00,1140,1728,0,16790
2026-10-10T14:46:10Z,49,52,44.80,180.00,1140,1728,0,16790
2026-10-10T14:46:11Z,49,52,44.78,180.00,1140,1728,0,16790
2026-10-10T14:46:12Z,49,52,44.78,180.00,1140,1728,0,16790
2026-10-10T14:46:13Z,49,52,44.60,180.00,1140,1728,0,16790
2026-10-10T14:46:14Z,49,52,44.71,180.00,1140,1728,0,16790
2026-10-10T14:46:15Z,49,52,44.69,180.00,1140,1728,0,16790
2026-10-10T14:46:16Z,49,52,44.69,180.00,1140,1728,0,16790
2026-10-10T14:46:17Z,49,53,44.80,180.00,1140,1728,0,16790
2026-10-10T14:46:18Z,49,52,44.71,180.00,1140,1728,0,16790
2026-10-10T14:46:19Z,49,52,44.69,180.00,1140,1728,0,16790
2026-10-10T14:46:20Z,49,52,44.71,180.00,1140,1728,0,16790
2026-10-10T14:46:21Z,49,52,44.69,180.00,1140,1728,0,16790
2026-10-10T14:46:22Z,49,52,44.78,180.00,1140,1728,0,16790
2026-10-10T14:46:23Z,49,52,44.57,180.00,1140,1728,0,16790
2026-10-10T14:46:24Z,49,52,44.67,180.00,1140,1728,0,16790
2026-10-10T14:46:25Z,49,52,44.60,180.00,1140,1728,0,16790
2026-10-10T14:46:26Z,49,52,44.50,180.00,1140,1728,0,16790
2026-10-10T14:46:27Z,49,52,44.60,180.00,1140,1728,0,16790
2026-10-10T14:46:28Z,49,52,44.50,180.00,1140,1728,0,16790
2026-10-10T14:46:29Z,49,52,44.40,180.00,1140,1728,0,16790
2026-10-10T14:46:30Z,48,52,44.40,180.00,1140,1728,0,16790
2026-10-10T14:46:32Z,49,52,44.60,180.00,1140,1728,0,16790
2026-10-10T14:46:33Z,48,52,44.40,180.00,1140,1728,0,16790
2026-10-10T14:46:34Z,48,52,44.50,180.00,1140,1728,0,16790
2026-10-10T14:46:35Z,49,51,44.49,180.00,1140,1728,0,16790
2026-10-10T14:46:36Z,49,51,44.47,180.00,1140,1728,0,16790
2026-10-10T14:46:37Z,48,51,44.40,180.00,1140,1728,0,16790
2026-10-10T14:46:38Z,48,51,44.50,180.00,1140,1728,0,16790
2026-10-10T14:46:39Z,48,51,44.50,180.00,1140,1728,0,16790
2026-10-10T14:46:40Z,48,51,44.60,180.00,1140,1728,0,16790
2026-10-10T14:46:41Z,48,51,44.49,180.00,1140,1728,0,16790
2026-10-10T14:46:42Z,48,51,44.50,180.00,1140,1728,0,16790
2026-10-10T14:46:43Z,48,51,44.40,180.00,1140,1728,0,16790
2026-10-10T14:46:44Z,48,51,44.60,180.00,1140,1728,0,16790
2026-10-10T14:46:45Z,48,51,44.40,180.00,1140,1728,0,16790
2026-10-10T14:46:46Z,48,51,44.50,180.00,1140,1728,0,16790
2026-10-10T14:46:47Z,48,51,44.50,180.00,1140,1728,0,16790
2026-10-10T14:46:48Z,48,51,44.48,180.00,1140,1728,0,16790
2026-10-10T14:46:49Z,48,51,44.58,180.00,1140,1728,0,16790
2026-10-10T14:46:50Z,48,51,44.38,180.00,1140,1728,0,16790
2026-10-10T14:46:51Z,48,51,44.50,180.00,1140,1728,0,16808
2026-10-10T14:46:52Z,50,54,65.09,180.00,1410,1728,52,16910
2026-10-10T14:46:54Z,50,53,59.13,180.00,1410,1728,5,16910
2026-10-10T14:46:55Z,50,53,59.03,180.00,1410,1728,0,16910
2026-10-10T14:46:56Z,50,53,59.05,180.00,1410,1728,0,16910
2026-10-10T14:46:57Z,50,52,59.33,180.00,1410,1728,0,16910
2026-10-10T14:46:58Z,50,53,59.63,180.00,1410,1728,0,16910
2026-10-10T14:46:59Z,50,54,69.89,180.00,1410,1728,26,16910
2026-10-10T14:47:00Z,50,53,59.32,180.00,1140,1728,0,16910
2026-10-10T14:47:01Z,50,55,108.09,180.00,1215,1728,32,16910
2026-10-10T14:47:02Z,49,53,47.59,180.00,1215,1728,0,16910
2026-10-10T14:47:03Z,50,53,59.33,180.00,1410,1728,1,16910
2026-10-10T14:47:04Z,50,52,59.63,180.00,1410,1728,0,16910
2026-10-10T14:47:05Z,50,52,59.42,180.00,1410,1728,0,16910
2026-10-10T14:47:06Z,50,52,59.53,180.00,1410,1728,0,16910
2026-10-10T14:47:07Z,50,53,59.72,180.00,1410,1728,0,16910
2026-10-10T14:47:08Z,50,52,59.32,180.00,1410,1728,0,16910
2026-10-10T14:47:09Z,52,54,68.92,180.00,1410,1728,0,16910
2026-10-10T14:47:10Z,51,53,60.01,180.00,1410,1728,35,16910
2026-10-10T14:47:11Z,51,53,59.72,180.00,1410,1728,0,16910
2026-10-10T14:47:12Z,51,53,59.82,180.00,1410,1728,49,16910
2026-10-10T14:47:13Z,51,53,59.82,180.00,1410,1728,0,16910
2026-10-10T14:47:14Z,51,53,59.72,180.00,1410,1728,0,16910
2026-10-10T14:47:15Z,51,53,59.82,180.00,1410,1728,0,16910
2026-10-10T14:47:17Z,51,54,146.19,180.00,1410,1728,50,16910
2026-10-10T14:47:18Z,51,53,60.01,180.00,1410,1728,0,16910
2026-10-10T14:47:19Z,50,53,45.46,180.00,1140,1728,30,16910
2026-10-10T14:47:20Z,50,53,45.28,180.00,1140,1728,0,16910
2026-10-10T14:47:21Z,51,53,60.39,180.00,1410,1728,0,16910
2026-10-10T14:47:22Z,51,53,60.01,180.00,1410,1728,0,16910
2026-10-10T14:47:23Z,50,53,47.69,180.00,1200,1728,9,16910
2026-10-10T14:47:24Z,51,53,59.92,180.00,1410,1728,50,16910
2026-10-10T14:47:25Z,52,54,59.92,180.00,1410,1728,0,16910
2026-10-10T14:47:26Z,51,53,60.20,180.00,1410,1728,33,16910
2026-10-10T14:47:27Z,51,53,60.11,180.00,1410,1728,0,16910
2026-10-10T14:47:28Z,51,53,60.20,180.00,1410,1728,0,16910
2026-10-10T14:47:29Z,51,53,60.10,180.00,1410,1728,0,16910
2026-10-10T14:47:30Z,51,53,60.20,180.00,1410,1728,0,16910
2026-10-10T14:47:31Z,51,53,59.92,180.00,1410,1728,0,16910
2026-10-10T14:47:32Z,51,53,59.82,180.00,1410,1728,0,16910
2026-10-10T14:47:33Z,52,55,152.30,180.00,1410,1728,5,16910
2026-10-10T14:47:34Z,52,54,60.20,180.00,1410,1728,49,16910
2026-10-10T14:47:35Z,53,55,144.36,180.00,1410,1728,0,16910
2026-10-10T14:47:36Z,52,54,60.10,180.00,1410,1728,0,16912
2026-10-10T14:47:37Z,51,53,60.11,180.00,1410,1728,0,16912
2026-10-10T14:47:38Z,51,53,45.94,180.00,1140,1728,0,16912
2026-10-10T14:47:39Z,51,53,45.37,180.00,1140,1728,0,16912
2026-10-10T14:47:41Z,51,53,45.36,180.00,1140,1728,0,16912
2026-10-10T14:47:42Z,51,53,45.37,180.00,1140,1728,0,16912
2026-10-10T14:47:43Z,51,53,45.26,180.00,1140,1728,0,16912
2026-10-10T14:47:44Z,51,53,45.26,180.00,1140,1728,0,16912
2026-10-10T14:47:45Z,51,53,45.37,180.00,1140,1728,0,16912
2026-10-10T14:47:46Z,50,53,45.26,180.00,1140,1728,0,16912
2026-10-10T14:47:47Z,51,53,59.82,180.00,1410,1728,0,16912
2026-10-10T14:47:48Z,51,53,59.91,180.00,1410,1728,0,16912
2026-10-10T14:47:49Z,51,55,59.91,180.00,1410,1728,51,16912
2026-10-10T14:47:50Z,51,53,60.01,180.00,1410,1728,0,16912
2026-10-10T14:47:51Z,51,53,45.46,180.00,1140,1728,0,16912
2026-10-10T14:47:52Z,51,53,45.36,180.00,1140,1728,0,16912
2026-10-10T14:47:53Z,51,55,45.74,180.00,1410,1728,51,16912
2026-10-10T14:47:54Z,51,53,60.10,180.00,1410,1728,0,16912
2026-10-10T14:47:55Z,51,53,60.10,180.00,1410,1728,0,16912
2026-10-10T14:47:56Z,52,55,60.39,180.00,1410,1728,4,16912
2026-10-10T14:47:57Z,51,54,59.92,180.00,1410,1728,0,16912
2026-10-10T14:47:58Z,52,54,60.88,180.00,1410,1728,0,16912
2026-10-10T14:47:59Z,51,54,60.10,180.00,1410,1728,0,16912
2026-10-10T14:48:00Z,51,54,47.21,180.00,1185,1728,0,16912
2026-10-10T14:48:01Z,51,54,47.10,180.00,1185,1728,0,16912
2026-10-10T14:48:03Z,51,54,57.42,180.00,1380,1728,0,16912
2026-10-10T14:48:04Z,51,54,58.37,180.00,1380,1728,0,16912
2026-10-10T14:48:05Z,51,53,45.55,180.00,1140,1728,0,16912
2026-10-10T14:48:06Z,51,54,49.22,180.00,1140,1728,26,16912
2026-10-10T14:48:07Z,51,53,45.46,180.00,1140,1728,0,16912
2026-10-10T14:48:08Z,51,54,59.91,180.00,1410,1728,0,16912
2026-10-10T14:48:09Z,51,54,61.07,180.00,1410,1728,0,16912
2026-10-10T14:48:10Z,52,54,60.39,180.00,1410,1728,0,16912
2026-10-10T14:48:11Z,52,53,60.30,180.00,1410,1728,0,16912
2026-10-10T14:48:12Z,52,55,61.07,180.00,1140,1728,0,16912
2026-10-10T14:48:13Z,51,55,50.66,180.00,1260,1728,0,16912
2026-10-10T14:48:14Z,52,55,60.39,180.00,1410,1728,0,16914
2026-10-10T14:48:15Z,52,54,60.39,180.00,1410,1728,0,16914
2026-10-10T14:48:16Z,52,54,61.43,180.00,1410,1728,0,16914
2026-10-10T14:48:17Z,51,54,45.74,180.00,1140,1728,0,16914
2026-10-10T14:48:18Z,51,54,45.74,180.00,1140,1728,0,16914
2026-10-10T14:48:19Z,51,55,45.65,180.00,1140,1728,0,16914
2026-10-10T14:48:20Z,52,54,61.06,180.00,1410,1728,0,16914
2026-10-10T14:48:21Z,52,55,61.26,180.00,1410,1728,0,16914
2026-10-10T14:48:22Z,52,54,60.29,180.00,1410,1728,0,16914
2026-10-10T14:48:23Z,52,54,61.15,180.00,1410,1728,0,16914
2026-10-10T14:48:25Z,52,54,61.26,180.00,1410,1728,0,16914
2026-10-10T14:48:26Z,52,54,61.33,180.00,1410,1728,0,16914
2026-10-10T14:48:27Z,52,54,61.71,180.00,1410,1728,50,16914
2026-10-10T14:48:28Z,52,54,60.97,180.00,1410,1728,49,16914
2026-10-10T14:48:29Z,53,55,67.61,180.00,1410,1728,5,16914
2026-10-10T14:48:30Z,52,54,61.45,180.00,1410,1728,0,16914
2026-10-10T14:48:31Z,52,54,60.88,180.00,1410,1728,0,16914
2026-10-10T14:48:32Z,52,54,60.78,180.00,1410,1728,0,16914
2026-10-10T14:48:33Z,52,54,61.43,180.00,1410,1728,0,16914
2026-10-10T14:48:34Z,52,54,46.04,180.00,1140,1728,0,16914
2026-10-10T14:48:35Z,52,55,102.49,180.00,1140,1728,1,16914
2026-10-10T14:48:36Z,52,54,59.82,180.00,1395,1728,0,16914
2026-10-10T14:48:37Z,52,55,61.45,180.00,1410,1728,0,16914
2026-10-10T14:48:38Z,52,54,60.67,180.00,1410,1728,0,16914
2026-10-10T14:48:39Z,52,54,78.96,180.00,1410,1728,0,16914
2026-10-10T14:48:40Z,52,54,60.49,180.00,1410,1728,0,16914
2026-10-10T14:48:41Z,52,54,61.15,180.00,1410,1728,0,16914
2026-10-10T14:48:42Z,52,55,61.26,180.00,1140,1728,0,16914
2026-10-10T14:48:43Z,52,55,45.84,180.00,1140,1728,0,16914
2026-10-10T14:48:44Z,52,55,45.84,180.00,1140,1728,0,16914
2026-10-10T14:48:45Z,52,57,101.71,180.00,1140,1728,0,16914
2026-10-10T14:48:46Z,52,55,61.17,180.00,1410,1728,0,16914
2026-10-10T14:48:48Z,52,55,45.85,180.00,1140,1728,0,16914
2026-10-10T14:48:49Z,52,55,53.93,180.00,1320,1728,0,16914
2026-10-10T14:48:50Z,52,55,53.94,180.00,1320,1728,0,16914
2026-10-10T14:48:51Z,52,55,49.61,180.00,1230,1728,43,16914
2026-10-10T14:48:52Z,52,55,49.61,180.00,1230,1728,0,16914
2026-10-10T14:48:53Z,52,55,45.74,180.00,1140,1728,0,16914
2026-10-10T14:48:54Z,52,55,60.97,180.00,1410,1728,0,16914
2026-10-10T14:48:55Z,52,55,61.36,180.00,1410,1728,0,16914
2026-10-10T14:48:56Z,52,55,61.16,180.00,1410,1728,0,16914
2026-10-10T14:48:57Z,52,55,61.35,180.00,1410,1728,0,16914
2026-10-10T14:48:58Z,52,55,61.35,180.00,1410,1728,0,16914
2026-10-10T14:48:59Z,57,58,139.55,180.00,1335,1728,74,16970
2026-10-10T14:49:00Z,54,56,61.83,180.00,1410,1728,0,17030
2026-10-10T14:49:01Z,53,55,61.92,180.00,1410,1728,0,17030
2026-10-10T14:49:02Z,52,55,46.14,180.00,1140,1728,0,17030
2026-10-10T14:49:03Z,52,56,46.04,180.00,1140,1728,0,17030
2026-10-10T14:49:04Z,52,55,45.94,180.00,1140,1728,0,17030
2026-10-10T14:49:05Z,52,54,45.94,180.00,1140,1728,0,17030
2026-10-10T14:49:06Z,52,54,45.85,180.00,1140,1728,0,17030
2026-10-10T14:49:07Z,52,54,45.94,180.00,1140,1728,0,17030
2026-10-10T14:49:08Z,52,54,45.85,180.00,1140,1728,0,17030
2026-10-10T14:49:09Z,52,54,45.85,180.00,1140,1728,0,17030
2026-10-10T14:49:11Z,52,54,45.95,180.00,1140,1728,0,17030
2026-10-10T14:49:12Z,52,54,45.85,180.00,1140,1728,0,17030
2026-10-10T14:49:13Z,52,54,45.85,180.00,1140,1728,0,17030
2026-10-10T14:49:14Z,52,54,45.84,180.00,1140,1728,0,17030
2026-10-10T14:49:15Z,52,54,45.74,180.00,1140,1728,0,17030
2026-10-10T14:49:16Z,52,54,45.84,180.00,1140,1728,0,17030
2026-10-10T14:49:17Z,52,54,45.84,180.00,1140,1728,0,17030
2026-10-10T14:49:18Z,52,54,45.74,180.00,1140,1728,0,17030
2026-10-10T14:49:19Z,52,54,45.74,180.00,1140,1728,0,17030
2026-10-10T14:49:20Z,51,54,45.86,180.00,1140,1728,0,17030
2026-10-10T14:49:21Z,51,54,45.94,180.00,1140,1728,0,17030
2026-10-10T14:49:22Z,51,54,45.74,180.00,1140,1728,0,16730
2026-10-10T14:49:23Z,51,54,45.74,180.00,1140,1728,0,16730
2026-10-10T14:49:24Z,51,54,45.65,180.00,1140,1728,0,16730
2026-10-10T14:49:25Z,51,54,45.74,180.00,1140,1728,0,16730
2026-10-10T14:49:26Z,51,54,45.85,180.00,1140,1728,0,16730
2026-10-10T14:49:27Z,51,54,45.75,180.00,1140,1728,0,16730
2026-10-10T14:49:28Z,51,54,45.71,180.00,1140,1728,0,17950
2026-10-10T14:49:29Z,51,54,45.85,180.00,1140,1728,0,17950
2026-10-10T14:49:30Z,51,54,45.74,180.00,1140,1728,0,17950
2026-10-10T14:49:31Z,51,54,45.74,180.00,1140,1728,0,17950
2026-10-10T14:49:32Z,51,54,45.74,180.00,1140,1728,0,17950
2026-10-10T14:49:34Z,51,54,45.86,180.00,1140,1728,0,17950
2026-10-10T14:49:35Z,51,54,45.74,180.00,1140,1728,0,17950
2026-10-10T14:49:36Z,51,54,45.66,180.00,1140,1728,0,17950
2026-10-10T14:49:37Z,51,54,46.23,180.00,1140,1728,0,17950
2026-10-10T14:49:38Z,51,54,45.66,180.00,1140,1728,0,17950
2026-10-10T14:49:39Z,51,54,45.74,180.00,1140,1728,0,17950
2026-10-10T14:49:40Z,51,54,45.76,180.00,1140,1728,0,17950
2026-10-10T14:49:41Z,51,55,45.65,180.00,1140,1728,0,17950
2026-10-10T14:49:42Z,51,54,46.04,180.00,1140,1728,0,17950
2026-10-10T14:49:43Z,51,54,53.54,180.00,1140,1728,0,17950
2026-10-10T14:49:44Z,51,54,45.65,180.00,1140,1728,0,17950
2026-10-10T14:49:45Z,51,54,45.36,180.00,1140,1728,0,17950
2026-10-10T14:49:46Z,51,54,45.47,180.00,1140,1728,0,17950
2026-10-10T14:49:47Z,51,54,45.65,180.00,1140,1728,0,17950
2026-10-10T14:49:48Z,51,54,45.37,180.00,1140,1728,0,17950
2026-10-10T14:49:49Z,51,53,45.37,180.00,1140,1728,0,56070
2026-10-10T14:49:50Z,51,54,45.36,180.00,1140,1728,0,56070
2026-10-10T14:49:51Z,51,54,45.36,180.00,1140,1728,0,56070
2026-10-10T14:49:52Z,51,54,45.36,180.00,1140,1728,0,56070
2026-10-10T14:49:53Z,51,54,45.36,180.00,1140,1728,0,56092
2026-10-10T14:49:54Z,51,54,45.57,180.00,1140,1728,0,57052
2026-10-10T14:49:56Z,51,54,45.28,180.00,1140,1728,0,57052
2026-10-10T14:49:57Z,51,54,45.36,180.00,1140,1728,7,57106
2026-10-10T14:49:58Z,51,54,45.36,180.00,1140,1728,0,57106
2026-10-10T14:49:59Z,51,53,45.66,180.00,1140,1728,16,57110
2026-10-10T14:50:00Z,51,53,45.36,180.00,1140,1728,0,57110
2026-10-10T14:50:01Z,51,54,45.47,180.00,1140,1728,0,57120
2026-10-10T14:50:02Z,51,53,45.56,180.00,1140,1728,1,57176
2026-10-10T14:50:03Z,51,53,45.37,180.00,1140,1728,0,57176
2026-10-10T14:50:04Z,51,54,45.36,180.00,1140,1728,0,57178
2026-10-10T14:50:05Z,51,54,45.26,180.00,1140,1728,0,57178
2026-10-10T14:50:06Z,51,54,45.36,180.00,1140,1728,0,57178
2026-10-10T14:50:07Z,51,54,45.37,180.00,1140,1728,0,57178
2026-10-10T14:50:08Z,51,54,45.37,180.00,1140,1728,0,57178
2026-10-10T14:50:09Z,51,54,45.37,180.00,1140,1728,0,57178
2026-10-10T14:50:10Z,51,53,45.36,180.00,1140,1728,0,57178
2026-10-10T14:50:11Z,51,53,45.28,180.00,1140,1728,0,57178
2026-10-10T14:50:12Z,50,53,45.26,180.00,1140,1728,0,57178
2026-10-10T14:50:13Z,50,53,45.36,180.00,1140,1728,0,57178
2026-10-10T14:50:14Z,50,53,45.26,180.00,1140,1728,0,57178
2026-10-10T14:50:15Z,50,53,45.36,180.00,1140,1728,0,57178
2026-10-10T14:50:16Z,50,53,45.37,180.00,1140,1728,0,57178
2026-10-10T14:50:18Z,51,55,47.98,180.00,1140,1728,11,57178
2026-10-10T14:50:19Z,50,54,45.26,180.00,1140,1728,0,57178
2026-10-10T14:50:20Z,55,59,170.86,180.00,1245,1728,99,57178
2026-10-10T14:50:21Z,56,60,178.39,180.00,1260,1728,99,57178
2026-10-10T14:50:22Z,57,61,181.42,180.00,1245,1728,99,57178
2026-10-10T14:50:23Z,57,60,178.77,180.00,1260,1728,99,57178
2026-10-10T14:50:24Z,58,63,180.99,180.00,1245,1728,99,57178
2026-10-10T14:50:25Z,58,62,187.60,180.00,1245,1728,99,57178
2026-10-10T14:50:26Z,58,62,179.69,180.00,1260,1728,99,57178
2026-10-10T14:50:27Z,59,63,186.54,180.00,1245,1728,99,57178
2026-10-10T14:50:28Z,59,63,179.37,180.00,1260,1728,99,57178
2026-10-10T14:50:29Z,59,64,181.06,180.00,1245,1728,99,57178
2026-10-10T14:50:30Z,60,63,178.18,180.00,1245,1728,99,57178
2026-10-10T14:50:31Z,60,64,172.27,180.00,1230,1728,99,57178
2026-10-10T14:50:32Z,60,64,175.62,180.00,1245,1728,99,57178
2026-10-10T14:50:33Z,61,64,178.91,180.00,1245,1728,99,57178
2026-10-10T14:50:34Z,61,65,177.59,180.00,1230,1728,99,57178
2026-10-10T14:50:35Z,61,64,184.47,180.00,1245,1728,99,57178
2026-10-10T14:50:36Z,61,65,184.07,180.00,1245,1728,99,57178
2026-10-10T14:50:37Z,62,65,185.93,180.00,1245,1728,99,57178
2026-10-10T14:50:38Z,62,65,179.96,180.00,1230,1728,99,57178
2026-10-10T14:50:40Z,62,66,180.14,180.00,1230,1728,99,57178
2026-10-10T14:50:41Z,63,66,174.33,180.00,1245,1728,99,57178
2026-10-10T14:50:42Z,63,67,178.20,180.00,1245,1728,99,57178
2026-10-10T14:50:43Z,63,66,186.05,180.00,1245,1728,99,57178
2026-10-10T14:50:44Z,63,66,176.78,180.00,1230,1728,99,57178
2026-10-10T14:50:45Z,63,67,185.37,180.00,1230,1728,99,57178
2026-10-10T14:50:46Z,64,67,184.41,180.00,1230,1728,99,57178
2026-10-10T14:50:47Z,64,68,178.12,180.00,1245,1728,99,57178
2026-10-10T14:50:48Z,64,68,182.03,180.00,1230,1728,99,57178
2026-10-10T14:50:49Z,64,68,184.39,180.00,1230,1728,99,57178
2026-10-10T14:50:50Z,65,68,178.44,180.00,1230,1728,99,57178
2026-10-10T14:50:51Z,65,68,180.18,180.00,1230,1728,99,57178
2026-10-10T14:50:52Z,65,68,176.88,180.00,1245,1728,99,57178
2026-10-10T14:50:53Z,65,69,178.65,180.00,1230,1728,99,57178
2026-10-10T14:50:54Z,66,69,176.01,180.00,1230,1728,99,57178
2026-10-10T14:50:55Z,66,69,177.71,180.00,1245,1728,99,57178
2026-10-10T14:50:56Z,66,69,178.65,180.00,1230,1728,99,57178
2026-10-10T14:50:57Z,66,69,178.88,180.00,1230,1728,99,57178
2026-10-10T14:50:58Z,66,69,116.03,180.00,1320,1728,99,57178
2026-10-10T14:50:59Z,67,68,177.18,180.00,1230,1728,100,57638
2026-10-10T14:51:00Z,68,68,178.61,180.00,1125,1728,100,57638
2026-10-10T14:51:02Z,68,68,178.56,180.00,1140,1728,100,57638
2026-10-10T14:51:03Z,69,69,181.57,180.00,1125,1728,100,57638
2026-10-10T14:51:04Z,69,68,179.56,180.00,1125,1728,100,57638
2026-10-10T14:51:05Z,69,69,181.51,180.00,1125,1728,100,57638
2026-10-10T14:51:06Z,69,69,181.99,180.00,1125,1728,100,57638
2026-10-10T14:51:07Z,70,68,182.96,180.00,1125,1728,100,57638
2026-10-10T14:51:08Z,70,70,184.84,180.00,1125,1728,100,57638
2026-10-10T14:51:09Z,69,70,116.03,180.00,1215,1728,100,57638
2026-10-10T14:51:10Z,70,69,177.53,180.00,1125,1728,100,57638
2026-10-10T14:51:11Z,70,70,179.87,180.00,1125,1728,100,57638
2026-10-10T14:51:12Z,70,69,172.46,180.00,1125,1728,100,57638
2026-10-10T14:51:13Z,65,66,69.01,180.00,1380,1728,9,57642
2026-10-10T14:51:14Z,67,69,100.43,180.00,1395,1728,99,57642
2026-10-10T14:51:15Z,67,68,101.08,180.00,1410,1728,99,57642
2026-10-10T14:51:16Z,68,70,209.97,180.00,1275,1728,27,57642
2026-10-10T14:51:17Z,69,72,171.83,180.00,1215,1728,99,57642
2026-10-10T14:51:18Z,69,72,176.13,180.00,1230,1728,99,57642
2026-10-10T14:51:19Z,69,72,179.78,180.00,1230,1728,92,57642
2026-10-10T14:51:20Z,69,73,177.15,180.00,1230,1728,99,57642
2026-10-10T14:51:21Z,70,73,179.93,180.00,1230,1728,99,57642
2026-10-10T14:51:23Z,70,74,179.85,180.00,1230,1728,99,57642
2026-10-10T14:51:24Z,70,73,179.81,180.00,1215,1728,99,57642
2026-10-10T14:51:25Z,69,71,100.47,180.00,1395,1728,99,57642
2026-10-10T14:51:26Z,70,74,181.35,180.00,1200,1728,99,57642
2026-10-10T14:51:27Z,70,73,180.95,180.00,1215,1728,99,57642
2026-10-10T14:51:28Z,70,73,180.57,180.00,1215,1728,99,57642
2026-10-10T14:51:29Z,69,71,99.11,180.00,1395,1728,99,57642
2026-10-10T14:51:30Z,70,73,158.77,180.00,1215,1728,99,57642
2026-10-10T14:51:31Z,71,73,179.49,180.00,1215,1728,99,57642
2026-10-10T14:51:32Z,71,72,178.86,180.00,1215,1728,99,57642
2026-10-10T14:51:33Z,70,72,104.83,180.00,1395,1728,99,57642
2026-10-10T14:51:34Z,71,74,168.66,180.00,1215,1728,99,57642
2026-10-10T14:51:35Z,71,75,179.23,180.00,1215,1728,99,57642
2026-10-10T14:51:36Z,71,74,175.10,180.00,1185,1728,99,57642
2026-10-10T14:51:37Z,70,72,102.16,180.00,1395,1728,78,57642
2026-10-10T14:51:38Z,71,74,182.19,180.00,1215,1728,99,57642
2026-10-10T14:51:39Z,71,74,178.39,180.00,1200,1728,99,57642
2026-10-10T14:51:40Z,72,74,177.75,180.00,1200,1728,99,57642
2026-10-10T14:51:41Z,72,75,176.49,180.00,1110,1728,99,57642
2026-10-10T14:51:42Z,72,76,172.61,180.00,1200,1728,99,57642
2026-10-10T14:51:44Z,72,74,178.43,180.00,1200,1728,99,57642
2026-10-10T14:51:45Z,72,74,180.41,180.00,1215,1728,99,57642
2026-10-10T14:51:46Z,72,74,177.67,180.00,1185,1728,99,57642
2026-10-10T14:51:47Z,72,76,173.22,180.00,1200,1728,99,57642
2026-10-10T14:51:48Z,72,75,181.02,180.00,1215,1728,99,57642
2026-10-10T14:51:49Z,72,75,183.57,180.00,1230,1728,99,57642
2026-10-10T14:51:50Z,72,75,183.20,180.00,1200,1728,99,57642
2026-10-10T14:51:51Z,72,75,181.25,180.00,1215,1728,99,57642
2026-10-10T14:51:52Z,72,75,183.20,180.00,1215,1728,99,57642
2026-10-10T14:51:53Z,72,75,181.41,180.00,1215,1728,99,57642
2026-10-10T14:51:54Z,72,76,179.18,180.00,1215,1728,99,57642
2026-10-10T14:51:55Z,73,75,178.22,180.00,1185,1728,99,57642
2026-10-10T14:51:56Z,72,73,115.30,180.00,1230,1728,31,57642
2026-10-10T14:51:57Z,72,76,177.11,180.00,1215,1728,99,57642
2026-10-10T14:51:58Z,73,75,179.16,180.00,1215,1728,99,57642
2026-10-10T14:51:59Z,73,76,180.36,180.00,1215,1728,99,57642
2026-10-10T14:52:00Z,73,75,180.83,180.00,1215,1728,99,57642
2026-10-10T14:52:01Z,72,74,181.03,180.00,1230,1728,99,57648
2026-10-10T14:52:02Z,73,75,181.62,180.00,1215,1728,99,57648
2026-10-10T14:52:04Z,73,76,181.51,180.00,1215,1728,99,57648
2026-10-10T14:52:05Z,73,76,179.88,180.00,1215,1728,99,57648
2026-10-10T14:52:06Z,73,76,180.18,180.00,1230,1728,99,57648
2026-10-10T14:52:07Z,72,72,140.23,180.00,1410,1728,66,57648
2026-10-10T14:52:08Z,73,76,178.39,180.00,1215,1728,99,57648
2026-10-10T14:52:09Z,73,75,184.88,180.00,1215,1728,99,57648
2026-10-10T14:52:10Z,73,76,185.35,180.00,1200,1728,99,57648
2026-10-10T14:52:11Z,73,76,173.02,180.00,1215,1728,99,57648
2026-10-10T14:52:12Z,73,76,180.47,180.00,1215,1728,99,57650
2026-10-10T14:52:13Z,73,76,177.37,180.00,1230,1728,99,57650
2026-10-10T14:52:14Z,73,77,177.12,180.00,1230,1728,99,57650
2026-10-10T14:52:15Z,73,77,178.14,180.00,1230,1728,99,57650
2026-10-10T14:52:16Z,73,77,184.24,180.00,1215,1728,99,57650
2026-10-10T14:52:17Z,73,77,180.04,180.00,1215,1728,99,57650
2026-10-10T14:52:18Z,73,77,174.16,180.00,1200,1728,99,57650
2026-10-10T14:52:19Z,73,76,180.77,180.00,1215,1728,99,57650
2026-10-10T14:52:20Z,74,76,182.29,180.00,1215,1728,99,57650
2026-10-10T14:52:21Z,74,76,185.33,180.00,1200,1728,99,57650
2026-10-10T14:52:22Z,74,76,180.80,180.00,1185,1728,99,57650
2026-10-10T14:52:23Z,74,76,177.15,180.00,1200,1728,99,57650
2026-10-10T14:52:25Z,74,77,182.02,180.00,1215,1728,99,57650
2026-10-10T14:52:26Z,74,75,181.09,180.00,1215,1728,99,57650
2026-10-10T14:52:27Z,74,76,182.86,180.00,1155,1728,99,57650
2026-10-10T14:52:28Z,74,77,173.64,180.00,1200,1728,99,57650
2026-10-10T14:52:29Z,74,76,179.39,180.00,1200,1728,99,57650
2026-10-10T14:52:30Z,74,77,176.35,180.00,1200,1728,99,57650
2026-10-10T14:52:31Z,74,77,180.12,180.00,1200,1728,99,57650
2026-10-10T14:52:32Z,74,76,179.69,180.00,1215,1728,99,57650
2026-10-10T14:52:33Z,74,77,184.23,180.00,1185,1728,99,57650
2026-10-10T14:52:34Z,74,77,180.92,180.00,1215,1728,58,57650
2026-10-10T14:52:35Z,74,77,181.36,180.00,1200,1728,99,57650
2026-10-10T14:52:36Z,74,76,182.74,180.00,1200,1728,99,57650
2026-10-10T14:52:37Z,74,77,176.06,180.00,1215,1728,99,57650
2026-10-10T14:52:38Z,74,77,182.35,180.00,1215,1728,99,57650
2026-10-10T14:52:39Z,74,76,184.38,180.00,1215,1728,99,57650
2026-10-10T14:52:40Z,74,78,182.28,180.00,1200,1728,99,57650
2026-10-10T14:52:41Z,74,77,181.37,180.00,1215,1728,99,57650
2026-10-10T14:52:42Z,74,77,181.72,180.00,1215,1728,99,57650
2026-10-10T14:52:43Z,74,78,180.71,180.00,1230,1728,99,57650
2026-10-10T14:52:44Z,74,76,182.52,180.00,1200,1728,99,57650
2026-10-10T14:52:46Z,74,77,177.85,180.00,1185,1728,99,57650
2026-10-10T14:52:47Z,74,78,178.16,180.00,1200,1728,99,57650
2026-10-10T14:52:48Z,74,77,177.34,180.00,1200,1728,99,57650
2026-10-10T14:52:49Z,75,76,199.17,180.00,1200,1728,62,57650
2026-10-10T14:52:50Z,74,78,185.05,180.00,1215,1728,99,57650
2026-10-10T14:52:51Z,74,77,181.10,180.00,1215,1728,99,57650
2026-10-10T14:52:52Z,75,77,183.55,180.00,1215,1728,99,57650
2026-10-10T14:52:53Z,75,77,174.74,180.00,1200,1728,99,57650
2026-10-10T14:52:54Z,74,77,179.39,180.00,1200,1728,99,57650
2026-10-10T14:52:55Z,75,78,182.93,180.00,1200,1728,99,57650
2026-10-10T14:52:56Z,75,77,180.92,180.00,1200,1728,99,57650
2026-10-10T14:52:57Z,76,75,176.79,180.00,1095,1728,100,57650
2026-10-10T14:52:58Z,75,77,182.40,180.00,1215,1728,99,57650
2026-10-10T14:52:59Z,76,75,181.66,180.00,1110,1728,100,57650
2026-10-10T14:53:00Z,75,78,180.15,180.00,1200,1728,99,57650
2026-10-10T14:53:01Z,76,74,180.99,180.00,1110,1728,100,57650
2026-10-10T14:53:02Z,75,78,182.18,180.00,1215,1728,99,57650
2026-10-10T14:53:03Z,76,75,179.62,180.00,1095,1728,100,57650
2026-10-10T14:53:04Z,76,76,173.77,180.00,1110,1728,100,57650
2026-10-10T14:53:06Z,76,75,180.71,180.00,1110,1728,100,57650
2026-10-10T14:53:07Z,76,75,167.69,180.00,1110,1728,100,57650
2026-10-10T14:53:08Z,71,71,81.38,180.00,1410,1728,36,57650
