2026-09-02T12:01:06Z,0, 40.35 W, 43, 0 %, 51290 MiB
2026-09-02T12:01:06Z,1, 45.05 W, 43, 0 %, 50288 MiB
2026-09-02T12:01:06Z,2, 40.65 W, 43, 0 %, 51672 MiB
2026-09-02T12:01:06Z,3, 41.98 W, 42, 0 %, 60590 MiB
2026-09-02T12:01:07Z,0, 40.26 W, 43, 0 %, 51290 MiB
2026-09-02T12:01:07Z,1, 45.05 W, 43, 0 %, 50288 MiB
2026-09-02T12:01:07Z,2, 40.76 W, 43, 0 %, 51672 MiB
2026-09-02T12:01:07Z,3, 42.07 W, 42, 0 %, 60590 MiB
2026-09-02T12:01:08Z,0, 40.25 W, 43, 0 %, 51290 MiB
2026-09-02T12:01:08Z,1, 45.04 W, 43, 0 %, 50288 MiB
2026-09-02T12:01:08Z,2, 40.64 W, 43, 0 %, 51672 MiB
2026-09-02T12:01:08Z,3, 41.96 W, 42, 0 %, 60590 MiB
2026-09-02T12:01:09Z,0, 40.27 W, 43, 0 %, 51290 MiB
2026-09-02T12:01:09Z,1, 44.95 W, 43, 0 %, 50288 MiB
2026-09-02T12:01:09Z,2, 40.76 W, 43, 0 %, 51672 MiB
2026-09-02T12:01:09Z,3, 41.97 W, 42, 0 %, 60590 MiB
2026-09-02T12:01:10Z,0, 40.26 W, 43, 0 %, 51290 MiB
2026-09-02T12:01:10Z,1, 44.95 W, 43, 0 %, 50288 MiB
2026-09-02T12:01:10Z,2, 40.75 W, 43, 0 %, 51672 MiB
2026-09-02T12:01:10Z,3, 41.87 W, 42, 0 %, 60590 MiB
2026-09-02T12:01:11Z,0, 40.34 W, 43, 0 %, 51290 MiB
2026-09-02T12:01:11Z,1, 45.04 W, 42, 0 %, 50288 MiB
2026-09-02T12:01:11Z,2, 40.65 W, 43, 0 %, 51672 MiB
2026-09-02T12:01:11Z,3, 41.87 W, 42, 0 %, 60590 MiB
2026-09-02T12:01:12Z,0, 40.34 W, 43, 0 %, 51290 MiB
2026-09-02T12:01:12Z,1, 44.94 W, 42, 0 %, 50288 MiB
2026-09-02T12:01:12Z,2, 40.74 W, 43, 0 %, 51672 MiB
2026-09-02T12:01:12Z,3, 41.87 W, 42, 0 %, 60590 MiB
2026-09-02T12:01:13Z,0, 40.25 W, 43, 0 %, 51290 MiB
2026-09-02T12:01:13Z,1, 44.95 W, 42, 0 %, 50288 MiB
2026-09-02T12:01:13Z,2, 40.65 W, 43, 0 %, 51672 MiB
2026-09-02T12:01:13Z,3, 41.97 W, 42, 0 %, 60590 MiB
2026-09-02T12:01:14Z,0, 89.34 W, 45, 84 %, 51290 MiB
2026-09-02T12:01:14Z,1, 91.65 W, 46, 79 %, 50288 MiB
2026-09-02T12:01:14Z,2, 105.73 W, 45, 61 %, 51672 MiB
2026-09-02T12:01:14Z,3, 134.10 W, 45, 48 %, 60590 MiB
2026-09-02T12:01:16Z,0, 68.94 W, 46, 86 %, 51290 MiB
2026-09-02T12:01:16Z,1, 158.67 W, 46, 81 %, 50288 MiB
2026-09-02T12:01:16Z,2, 71.35 W, 45, 62 %, 51672 MiB
2026-09-02T12:01:16Z,3, 83.78 W, 45, 45 %, 60590 MiB
2026-09-02T12:01:17Z,0, 73.73 W, 46, 87 %, 51290 MiB
2026-09-02T12:01:17Z,1, 87.01 W, 46, 74 %, 50288 MiB
2026-09-02T12:01:17Z,2, 92.79 W, 46, 63 %, 51672 MiB
2026-09-02T12:01:17Z,3, 105.35 W, 46, 60 %, 60590 MiB
2026-09-02T12:01:18Z,0, 119.95 W, 46, 84 %, 51290 MiB
2026-09-02T12:01:18Z,1, 128.52 W, 47, 80 %, 50288 MiB
2026-09-02T12:01:18Z,2, 69.17 W, 46, 60 %, 51672 MiB
2026-09-02T12:01:18Z,3, 78.90 W, 46, 45 %, 60590 MiB
2026-09-02T12:01:19Z,0, 54.86 W, 45, 0 %, 51290 MiB
2026-09-02T12:01:19Z,1, 70.62 W, 45, 42 %, 50288 MiB
2026-09-02T12:01:19Z,2, 55.33 W, 45, 35 %, 51672 MiB
2026-09-02T12:01:19Z,3, 62.48 W, 44, 7 %, 60590 MiB
2026-09-02T12:01:20Z,0, 54.48 W, 45, 0 %, 51290 MiB
2026-09-02T12:01:20Z,1, 70.13 W, 45, 0 %, 50288 MiB
2026-09-02T12:01:20Z,2, 55.04 W, 44, 0 %, 51672 MiB
2026-09-02T12:01:20Z,3, 62.38 W, 44, 0 %, 60590 MiB
2026-09-02T12:01:21Z,0, 119.28 W, 45, 84 %, 51290 MiB
2026-09-02T12:01:21Z,1, 80.07 W, 46, 82 %, 50288 MiB
2026-09-02T12:01:21Z,2, 82.08 W, 45, 60 %, 51672 MiB
2026-09-02T12:01:21Z,3, 95.17 W, 45, 36 %, 60590 MiB
2026-09-02T12:01:22Z,0, 64.94 W, 46, 82 %, 51290 MiB
2026-09-02T12:01:22Z,1, 92.05 W, 47, 77 %, 50288 MiB
2026-09-02T12:01:22Z,2, 115.50 W, 46, 57 %, 51672 MiB
2026-09-02T12:01:22Z,3, 134.58 W, 46, 35 %, 60590 MiB
2026-09-02T12:01:23Z,0, 54.67 W, 45, 3 %, 51290 MiB
2026-09-02T12:01:23Z,1, 70.42 W, 46, 56 %, 50288 MiB
2026-09-02T12:01:23Z,2, 55.42 W, 45, 48 %, 51672 MiB
2026-09-02T12:01:23Z,3, 62.28 W, 45, 14 %, 60590 MiB
2026-09-02T12:01:24Z,0, 54.57 W, 45, 0 %, 51290 MiB
2026-09-02T12:01:24Z,1, 70.13 W, 45, 0 %, 50288 MiB
2026-09-02T12:01:24Z,2, 55.24 W, 45, 0 %, 51672 MiB
2026-09-02T12:01:24Z,3, 62.19 W, 44, 0 %, 60590 MiB
2026-09-02T12:01:25Z,0, 114.69 W, 46, 86 %, 51290 MiB
2026-09-02T12:01:25Z,1, 80.93 W, 46, 81 %, 50288 MiB
2026-09-02T12:01:25Z,2, 82.43 W, 45, 66 %, 51672 MiB
2026-09-02T12:01:25Z,3, 96.55 W, 45, 41 %, 60590 MiB
2026-09-02T12:01:27Z,0, 56.59 W, 45, 85 %, 51290 MiB
2026-09-02T12:01:27Z,1, 76.33 W, 46, 61 %, 50288 MiB
2026-09-02T12:01:27Z,2, 60.62 W, 45, 33 %, 51672 MiB
2026-09-02T12:01:27Z,3, 65.17 W, 45, 6 %, 60590 MiB
2026-09-02T12:01:28Z,0, 68.21 W, 47, 83 %, 51290 MiB
2026-09-02T12:01:28Z,1, 162.43 W, 48, 82 %, 50288 MiB
2026-09-02T12:01:28Z,2, 77.82 W, 46, 65 %, 51672 MiB
2026-09-02T12:01:28Z,3, 85.05 W, 46, 45 %, 60590 MiB
2026-09-02T12:01:29Z,0, 55.08 W, 45, 0 %, 51290 MiB
2026-09-02T12:01:29Z,1, 70.44 W, 46, 0 %, 50288 MiB
2026-09-02T12:01:29Z,2, 55.54 W, 45, 0 %, 51672 MiB
2026-09-02T12:01:29Z,3, 62.22 W, 45, 0 %, 60590 MiB
2026-09-02T12:01:30Z,0, 54.85 W, 45, 0 %, 51290 MiB
2026-09-02T12:01:30Z,1, 70.11 W, 46, 0 %, 50288 MiB
2026-09-02T12:01:30Z,2, 55.30 W, 45, 0 %, 51672 MiB
2026-09-02T12:01:30Z,3, 62.00 W, 45, 0 %, 60590 MiB
2026-09-02T12:01:31Z,0, 40.72 W, 44, 0 %, 51290 MiB
2026-09-02T12:01:31Z,1, 45.45 W, 44, 0 %, 50288 MiB
2026-09-02T12:01:31Z,2, 41.13 W, 44, 0 %, 51672 MiB
2026-09-02T12:01:31Z,3, 42.18 W, 44, 0 %, 60590 MiB
2026-09-02T12:01:32Z,0, 40.63 W, 44, 0 %, 51290 MiB
2026-09-02T12:01:32Z,1, 45.44 W, 44, 0 %, 50288 MiB
2026-09-02T12:01:32Z,2, 41.14 W, 44, 0 %, 51672 MiB
2026-09-02T12:01:32Z,3, 42.28 W, 43, 0 %, 60590 MiB
2026-09-02T12:01:33Z,0, 40.73 W, 44, 0 %, 51290 MiB
2026-09-02T12:01:33Z,1, 45.35 W, 44, 0 %, 50288 MiB
2026-09-02T12:01:33Z,2, 41.04 W, 44, 0 %, 51672 MiB
2026-09-02T12:01:33Z,3, 42.16 W, 43, 0 %, 60590 MiB
2026-09-02T12:01:34Z,0, 156.65 W, 47, 87 %, 51290 MiB
2026-09-02T12:01:34Z,1, 106.77 W, 47, 82 %, 50288 MiB
2026-09-02T12:01:34Z,2, 90.41 W, 46, 73 %, 51672 MiB
2026-09-02T12:01:34Z,3, 130.34 W, 46, 60 %, 60590 MiB
2026-09-02T12:01:35Z,0, 86.03 W, 47, 84 %, 51290 MiB
2026-09-02T12:01:35Z,1, 112.55 W, 48, 83 %, 50288 MiB
2026-09-02T12:01:35Z,2, 108.65 W, 47, 68 %, 51672 MiB
2026-09-02T12:01:35Z,3, 171.63 W, 47, 53 %, 60590 MiB
2026-09-02T12:01:37Z,0, 79.78 W, 47, 89 %, 51290 MiB
2026-09-02T12:01:37Z,1, 127.06 W, 48, 87 %, 50288 MiB
2026-09-02T12:01:37Z,2, 71.37 W, 47, 67 %, 51672 MiB
2026-09-02T12:01:37Z,3, 76.05 W, 47, 50 %, 60590 MiB
2026-09-02T12:01:38Z,0, 70.73 W, 47, 89 %, 51290 MiB
2026-09-02T12:01:38Z,1, 157.27 W, 48, 86 %, 50288 MiB
2026-09-02T12:01:38Z,2, 68.11 W, 47, 71 %, 51672 MiB
2026-09-02T12:01:38Z,3, 73.54 W, 48, 58 %, 60590 MiB
2026-09-02T12:01:39Z,0, 137.24 W, 48, 87 %, 51290 MiB
2026-09-02T12:01:39Z,1, 94.54 W, 48, 82 %, 50288 MiB
2026-09-02T12:01:39Z,2, 140.02 W, 47, 71 %, 51672 MiB
2026-09-02T12:01:39Z,3, 130.49 W, 48, 56 %, 60590 MiB
2026-09-02T12:01:40Z,0, 78.10 W, 48, 90 %, 51290 MiB
2026-09-02T12:01:40Z,1, 103.61 W, 49, 87 %, 50288 MiB
2026-09-02T12:01:40Z,2, 102.56 W, 47, 68 %, 51672 MiB
2026-09-02T12:01:40Z,3, 106.79 W, 48, 51 %, 60590 MiB
2026-09-02T12:01:41Z,0, 156.44 W, 48, 88 %, 51290 MiB
2026-09-02T12:01:41Z,1, 91.48 W, 49, 86 %, 50288 MiB
2026-09-02T12:01:41Z,2, 111.58 W, 47, 77 %, 51672 MiB
2026-09-02T12:01:41Z,3, 201.02 W, 48, 62 %, 60590 MiB
2026-09-02T12:01:42Z,0, 68.12 W, 48, 90 %, 51290 MiB
2026-09-02T12:01:42Z,1, 113.11 W, 49, 87 %, 50288 MiB
2026-09-02T12:01:42Z,2, 73.10 W, 48, 64 %, 51672 MiB
2026-09-02T12:01:42Z,3, 78.35 W, 48, 51 %, 60590 MiB
2026-09-02T12:01:43Z,0, 80.31 W, 48, 89 %, 51290 MiB
2026-09-02T12:01:43Z,1, 151.71 W, 49, 85 %, 50288 MiB
2026-09-02T12:01:43Z,2, 92.52 W, 48, 67 %, 51672 MiB
2026-09-02T12:01:43Z,3, 86.00 W, 49, 53 %, 60590 MiB
2026-09-02T12:01:44Z,0, 78.60 W, 48, 86 %, 51290 MiB
2026-09-02T12:01:44Z,1, 91.75 W, 49, 85 %, 50288 MiB
2026-09-02T12:01:44Z,2, 72.03 W, 48, 68 %, 51672 MiB
2026-09-02T12:01:44Z,3, 128.36 W, 48, 42 %, 60590 MiB
2026-09-02T12:01:45Z,0, 70.16 W, 48, 88 %, 51290 MiB
2026-09-02T12:01:45Z,1, 97.16 W, 49, 83 %, 50288 MiB
2026-09-02T12:01:45Z,2, 79.07 W, 48, 64 %, 51672 MiB
2026-09-02T12:01:45Z,3, 85.84 W, 48, 45 %, 60590 MiB
2026-09-02T12:01:47Z,0, 66.33 W, 48, 85 %, 51290 MiB
2026-09-02T12:01:47Z,1, 86.42 W, 49, 81 %, 50288 MiB
2026-09-02T12:01:47Z,2, 106.42 W, 48, 61 %, 51672 MiB
2026-09-02T12:01:47Z,3, 149.82 W, 48, 38 %, 60590 MiB
2026-09-02T12:01:48Z,0, 84.24 W, 48, 87 %, 51290 MiB
2026-09-02T12:01:48Z,1, 124.04 W, 49, 70 %, 50288 MiB
2026-09-02T12:01:48Z,2, 65.57 W, 48, 61 %, 51672 MiB
2026-09-02T12:01:48Z,3, 87.54 W, 48, 42 %, 60590 MiB
2026-09-02T12:01:49Z,0, 55.55 W, 47, 0 %, 51290 MiB
2026-09-02T12:01:49Z,1, 69.74 W, 47, 0 %, 50288 MiB
2026-09-02T12:01:49Z,2, 55.61 W, 46, 0 %, 51672 MiB
2026-09-02T12:01:49Z,3, 63.17 W, 46, 0 %, 60590 MiB
2026-09-02T12:01:50Z,0, 66.57 W, 47, 65 %, 51290 MiB
2026-09-02T12:01:50Z,1, 60.38 W, 47, 89 %, 50288 MiB
2026-09-02T12:01:50Z,2, 44.85 W, 47, 81 %, 51672 MiB
2026-09-02T12:01:50Z,3, 64.66 W, 47, 55 %, 60590 MiB
2026-09-02T12:01:51Z,0, 85.36 W, 48, 87 %, 51290 MiB
2026-09-02T12:01:51Z,1, 120.69 W, 50, 84 %, 50288 MiB
2026-09-02T12:01:51Z,2, 99.48 W, 48, 67 %, 51672 MiB
2026-09-02T12:01:51Z,3, 80.64 W, 49, 54 %, 60590 MiB
2026-09-02T12:01:52Z,0, 81.03 W, 49, 88 %, 51290 MiB
2026-09-02T12:01:52Z,1, 112.11 W, 50, 85 %, 50288 MiB
2026-09-02T12:01:52Z,2, 100.62 W, 48, 65 %, 51672 MiB
2026-09-02T12:01:52Z,3, 81.28 W, 49, 51 %, 60590 MiB
2026-09-02T12:01:53Z,0, 115.62 W, 49, 88 %, 51290 MiB
2026-09-02T12:01:53Z,1, 147.04 W, 49, 82 %, 50288 MiB
2026-09-02T12:01:53Z,2, 105.50 W, 48, 63 %, 51672 MiB
2026-09-02T12:01:53Z,3, 100.19 W, 49, 47 %, 60590 MiB
2026-09-02T12:01:54Z,0, 55.29 W, 47, 0 %, 51290 MiB
2026-09-02T12:01:54Z,1, 70.17 W, 48, 0 %, 50288 MiB
2026-09-02T12:01:54Z,2, 55.93 W, 47, 0 %, 51672 MiB
2026-09-02T12:01:54Z,3, 63.35 W, 47, 0 %, 60590 MiB
2026-09-02T12:01:55Z,0, 55.94 W, 47, 0 %, 51290 MiB
2026-09-02T12:01:55Z,1, 47.19 W, 47, 0 %, 50288 MiB
2026-09-02T12:01:55Z,2, 42.66 W, 46, 0 %, 51672 MiB
2026-09-02T12:01:55Z,3, 63.26 W, 47, 0 %, 60590 MiB
2026-09-02T12:01:56Z,0, 100.59 W, 49, 85 %, 51290 MiB
2026-09-02T12:01:56Z,1, 80.58 W, 49, 86 %, 50288 MiB
2026-09-02T12:01:56Z,2, 68.16 W, 48, 65 %, 51672 MiB
2026-09-02T12:01:56Z,3, 144.33 W, 49, 57 %, 60590 MiB
2026-09-02T12:01:58Z,0, 135.42 W, 49, 85 %, 51290 MiB
2026-09-02T12:01:58Z,1, 149.76 W, 50, 85 %, 50288 MiB
2026-09-02T12:01:58Z,2, 143.47 W, 49, 72 %, 51672 MiB
2026-09-02T12:01:58Z,3, 91.76 W, 49, 53 %, 60590 MiB
2026-09-02T12:01:59Z,0, 92.57 W, 49, 88 %, 51290 MiB
2026-09-02T12:01:59Z,1, 124.33 W, 50, 87 %, 50288 MiB
2026-09-02T12:01:59Z,2, 106.54 W, 48, 69 %, 51672 MiB
2026-09-02T12:01:59Z,3, 76.51 W, 49, 59 %, 60590 MiB
2026-09-02T12:02:00Z,0, 66.04 W, 49, 88 %, 51290 MiB
2026-09-02T12:02:00Z,1, 84.33 W, 51, 83 %, 50288 MiB
2026-09-02T12:02:00Z,2, 70.39 W, 49, 72 %, 51672 MiB
2026-09-02T12:02:00Z,3, 137.57 W, 50, 61 %, 60590 MiB
2026-09-02T12:02:01Z,0, 91.92 W, 49, 85 %, 51290 MiB
2026-09-02T12:02:01Z,1, 116.58 W, 50, 86 %, 50288 MiB
2026-09-02T12:02:01Z,2, 71.80 W, 49, 63 %, 51672 MiB
2026-09-02T12:02:01Z,3, 79.29 W, 50, 46 %, 60590 MiB
2026-09-02T12:02:02Z,0, 78.49 W, 49, 85 %, 51290 MiB
2026-09-02T12:02:02Z,1, 101.02 W, 50, 83 %, 50288 MiB
2026-09-02T12:02:02Z,2, 103.31 W, 49, 67 %, 51672 MiB
2026-09-02T12:02:02Z,3, 133.55 W, 50, 48 %, 60590 MiB
2026-09-02T12:02:03Z,0, 55.82 W, 48, 0 %, 51290 MiB
2026-09-02T12:02:03Z,1, 70.52 W, 48, 0 %, 50288 MiB
2026-09-02T12:02:03Z,2, 56.19 W, 47, 0 %, 51672 MiB
2026-09-02T12:02:03Z,3, 63.93 W, 48, 0 %, 60590 MiB
2026-09-02T12:02:04Z,0, 55.65 W, 47, 0 %, 51290 MiB
2026-09-02T12:02:04Z,1, 47.57 W, 47, 0 %, 50288 MiB
2026-09-02T12:02:04Z,2, 55.90 W, 47, 0 %, 51672 MiB
2026-09-02T12:02:04Z,3, 63.66 W, 47, 0 %, 60590 MiB
2026-09-02T12:02:05Z,0, 41.52 W, 47, 0 %, 51290 MiB
2026-09-02T12:02:05Z,1, 46.62 W, 46, 0 %, 50288 MiB
2026-09-02T12:02:05Z,2, 41.61 W, 46, 0 %, 51672 MiB
2026-09-02T12:02:05Z,3, 43.24 W, 46, 0 %, 60590 MiB
2026-09-02T12:02:06Z,0, 41.31 W, 46, 0 %, 51290 MiB
2026-09-02T12:02:06Z,1, 46.61 W, 46, 0 %, 50288 MiB
2026-09-02T12:02:06Z,2, 41.60 W, 46, 0 %, 51672 MiB
2026-09-02T12:02:06Z,3, 43.04 W, 46, 0 %, 60590 MiB
2026-09-02T12:02:08Z,0, 84.27 W, 47, 9 %, 51290 MiB
2026-09-02T12:02:08Z,1, 88.06 W, 47, 0 %, 50288 MiB
2026-09-02T12:02:08Z,2, 43.72 W, 47, 39 %, 51672 MiB
2026-09-02T12:02:08Z,3, 45.51 W, 47, 5 %, 60590 MiB
2026-09-02T12:02:09Z,0, 124.96 W, 50, 100 %, 51290 MiB
2026-09-02T12:02:09Z,1, 119.19 W, 50, 100 %, 50290 MiB
2026-09-02T12:02:09Z,2, 96.21 W, 49, 89 %, 51674 MiB
2026-09-02T12:02:09Z,3, 179.17 W, 49, 77 %, 60590 MiB
2026-09-02T12:02:10Z,0, 149.34 W, 50, 100 %, 51290 MiB
2026-09-02T12:02:10Z,1, 200.66 W, 51, 100 %, 50290 MiB
2026-09-02T12:02:10Z,2, 138.07 W, 50, 92 %, 51674 MiB
2026-09-02T12:02:10Z,3, 150.90 W, 50, 81 %, 60590 MiB
2026-09-02T12:02:11Z,0, 150.75 W, 51, 100 %, 51290 MiB
2026-09-02T12:02:11Z,1, 164.07 W, 51, 100 %, 50290 MiB
2026-09-02T12:02:11Z,2, 130.44 W, 50, 91 %, 51674 MiB
2026-09-02T12:02:11Z,3, 195.47 W, 50, 77 %, 60590 MiB
2026-09-02T12:02:12Z,0, 133.99 W, 51, 100 %, 51290 MiB
2026-09-02T12:02:12Z,1, 133.70 W, 52, 100 %, 50290 MiB
2026-09-02T12:02:12Z,2, 145.59 W, 51, 94 %, 51674 MiB
2026-09-02T12:02:12Z,3, 200.74 W, 51, 81 %, 60590 MiB
2026-09-02T12:02:13Z,0, 90.06 W, 51, 100 %, 51290 MiB
2026-09-02T12:02:13Z,1, 166.47 W, 52, 100 %, 50290 MiB
2026-09-02T12:02:13Z,2, 85.08 W, 51, 93 %, 51674 MiB
2026-09-02T12:02:13Z,3, 100.85 W, 51, 81 %, 60590 MiB
2026-09-02T12:02:14Z,0, 111.58 W, 50, 89 %, 51290 MiB
2026-09-02T12:02:14Z,1, 87.78 W, 52, 85 %, 50290 MiB
2026-09-02T12:02:14Z,2, 97.55 W, 50, 69 %, 51674 MiB
2026-09-02T12:02:14Z,3, 84.95 W, 51, 58 %, 60590 MiB
2026-09-02T12:02:15Z,0, 106.90 W, 50, 85 %, 51290 MiB
2026-09-02T12:02:15Z,1, 82.62 W, 51, 83 %, 50290 MiB
2026-09-02T12:02:15Z,2, 96.46 W, 49, 65 %, 51674 MiB
2026-09-02T12:02:15Z,3, 75.43 W, 50, 49 %, 60590 MiB
2026-09-02T12:02:16Z,0, 134.10 W, 50, 84 %, 51290 MiB
2026-09-02T12:02:16Z,1, 86.99 W, 51, 83 %, 50290 MiB
2026-09-02T12:02:16Z,2, 117.94 W, 49, 60 %, 51674 MiB
2026-09-02T12:02:16Z,3, 100.76 W, 50, 44 %, 60590 MiB
2026-09-02T12:02:18Z,0, 69.45 W, 50, 87 %, 51290 MiB
2026-09-02T12:02:18Z,1, 99.67 W, 51, 82 %, 50290 MiB
2026-09-02T12:02:18Z,2, 68.84 W, 49, 65 %, 51674 MiB
2026-09-02T12:02:18Z,3, 86.67 W, 50, 44 %, 60590 MiB
2026-09-02T12:02:19Z,0, 113.42 W, 51, 67 %, 51290 MiB
2026-09-02T12:02:19Z,1, 79.16 W, 51, 60 %, 50290 MiB
2026-09-02T12:02:19Z,2, 56.43 W, 50, 50 %, 51674 MiB
2026-09-02T12:02:19Z,3, 100.45 W, 51, 47 %, 60590 MiB
2026-09-02T12:02:20Z,0, 157.25 W, 52, 100 %, 51290 MiB
2026-09-02T12:02:20Z,1, 103.47 W, 53, 100 %, 50290 MiB
2026-09-02T12:02:20Z,2, 97.28 W, 52, 100 %, 51674 MiB
2026-09-02T12:02:20Z,3, 122.47 W, 52, 93 %, 60590 MiB
2026-09-02T12:02:21Z,0, 146.99 W, 52, 100 %, 51290 MiB
2026-09-02T12:02:21Z,1, 123.50 W, 53, 100 %, 50290 MiB
2026-09-02T12:02:21Z,2, 164.47 W, 52, 100 %, 51674 MiB
2026-09-02T12:02:21Z,3, 110.79 W, 53, 98 %, 60590 MiB
2026-09-02T12:02:22Z,0, 156.14 W, 53, 100 %, 51290 MiB
2026-09-02T12:02:22Z,1, 180.66 W, 54, 100 %, 50290 MiB
2026-09-02T12:02:22Z,2, 169.58 W, 53, 100 %, 51674 MiB
2026-09-02T12:02:22Z,3, 158.54 W, 54, 99 %, 60590 MiB
2026-09-02T12:02:23Z,0, 173.69 W, 52, 100 %, 51290 MiB
2026-09-02T12:02:23Z,1, 108.06 W, 54, 100 %, 50290 MiB
2026-09-02T12:02:23Z,2, 138.68 W, 53, 96 %, 51674 MiB
2026-09-02T12:02:23Z,3, 177.73 W, 54, 84 %, 60590 MiB
2026-09-02T12:02:24Z,0, 83.12 W, 52, 89 %, 51290 MiB
2026-09-02T12:02:24Z,1, 119.04 W, 52, 85 %, 50290 MiB
2026-09-02T12:02:24Z,2, 77.12 W, 51, 65 %, 51674 MiB
2026-09-02T12:02:24Z,3, 85.73 W, 52, 51 %, 60590 MiB
2026-09-02T12:02:25Z,0, 56.60 W, 50, 20 %, 51290 MiB
2026-09-02T12:02:25Z,1, 73.72 W, 51, 43 %, 50290 MiB
2026-09-02T12:02:25Z,2, 57.52 W, 50, 0 %, 51674 MiB
2026-09-02T12:02:25Z,3, 65.64 W, 50, 0 %, 60590 MiB
2026-09-02T12:02:27Z,0, 56.19 W, 50, 0 %, 51290 MiB
2026-09-02T12:02:27Z,1, 72.93 W, 50, 0 %, 50290 MiB
2026-09-02T12:02:27Z,2, 57.03 W, 49, 0 %, 51674 MiB
2026-09-02T12:02:27Z,3, 64.98 W, 50, 0 %, 60590 MiB
2026-09-02T12:02:28Z,0, 161.84 W, 52, 100 %, 51290 MiB
2026-09-02T12:02:28Z,1, 98.55 W, 53, 100 %, 50290 MiB
2026-09-02T12:02:28Z,2, 136.29 W, 51, 100 %, 51674 MiB
2026-09-02T12:02:28Z,3, 153.16 W, 52, 90 %, 60590 MiB
2026-09-02T12:02:29Z,0, 151.75 W, 53, 100 %, 51290 MiB
2026-09-02T12:02:29Z,1, 134.73 W, 54, 100 %, 50290 MiB
2026-09-02T12:02:29Z,2, 161.76 W, 52, 100 %, 51674 MiB
2026-09-02T12:02:29Z,3, 168.00 W, 53, 93 %, 60590 MiB
2026-09-02T12:02:30Z,0, 167.01 W, 53, 100 %, 51290 MiB
2026-09-02T12:02:30Z,1, 162.27 W, 54, 100 %, 50290 MiB
2026-09-02T12:02:30Z,2, 159.20 W, 53, 100 %, 51674 MiB
2026-09-02T12:02:30Z,3, 161.20 W, 54, 100 %, 60590 MiB
2026-09-02T12:02:31Z,0, 113.81 W, 53, 100 %, 51290 MiB
2026-09-02T12:02:31Z,1, 105.47 W, 55, 100 %, 50290 MiB
2026-09-02T12:02:31Z,2, 105.77 W, 53, 100 %, 51674 MiB
2026-09-02T12:02:31Z,3, 192.16 W, 54, 96 %, 60590 MiB
2026-09-02T12:02:32Z,0, 140.50 W, 53, 100 %, 51290 MiB
2026-09-02T12:02:32Z,1, 169.13 W, 55, 100 %, 50290 MiB
2026-09-02T12:02:32Z,2, 152.86 W, 53, 100 %, 51674 MiB
2026-09-02T12:02:32Z,3, 170.97 W, 54, 92 %, 60590 MiB
2026-09-02T12:02:33Z,0, 126.32 W, 54, 100 %, 51290 MiB
2026-09-02T12:02:33Z,1, 167.97 W, 55, 100 %, 50290 MiB
2026-09-02T12:02:33Z,2, 142.97 W, 53, 100 %, 51674 MiB
2026-09-02T12:02:33Z,3, 178.66 W, 54, 87 %, 60590 MiB
2026-09-02T12:02:34Z,0, 76.76 W, 52, 86 %, 51290 MiB
2026-09-02T12:02:34Z,1, 91.53 W, 54, 79 %, 50290 MiB
2026-09-02T12:02:34Z,2, 81.65 W, 52, 63 %, 51674 MiB
2026-09-02T12:02:34Z,3, 127.40 W, 53, 43 %, 60590 MiB
2026-09-02T12:02:35Z,0, 78.19 W, 52, 83 %, 51290 MiB
2026-09-02T12:02:35Z,1, 104.07 W, 53, 78 %, 50290 MiB
2026-09-02T12:02:35Z,2, 98.79 W, 51, 56 %, 51674 MiB
2026-09-02T12:02:35Z,3, 157.70 W, 53, 37 %, 60590 MiB
2026-09-02T12:02:37Z,0, 91.29 W, 52, 87 %, 51290 MiB
2026-09-02T12:02:37Z,1, 100.00 W, 53, 82 %, 50290 MiB
2026-09-02T12:02:37Z,2, 97.41 W, 51, 63 %, 51674 MiB
2026-09-02T12:02:37Z,3, 167.45 W, 53, 41 %, 60590 MiB
2026-09-02T12:02:38Z,0, 57.96 W, 51, 0 %, 51290 MiB
2026-09-02T12:02:38Z,1, 73.72 W, 51, 0 %, 50290 MiB
2026-09-02T12:02:38Z,2, 57.92 W, 50, 0 %, 51674 MiB
2026-09-02T12:02:38Z,3, 66.44 W, 51, 0 %, 60590 MiB
2026-09-02T12:02:39Z,0, 57.29 W, 50, 0 %, 51290 MiB
2026-09-02T12:02:39Z,1, 73.06 W, 51, 0 %, 50290 MiB
2026-09-02T12:02:39Z,2, 57.53 W, 50, 0 %, 51674 MiB
2026-09-02T12:02:39Z,3, 66.06 W, 51, 0 %, 60590 MiB
2026-09-02T12:02:40Z,0, 62.10 W, 50, 100 %, 51290 MiB
2026-09-02T12:02:40Z,1, 79.19 W, 51, 100 %, 50290 MiB
2026-09-02T12:02:40Z,2, 42.76 W, 49, 0 %, 51674 MiB
2026-09-02T12:02:40Z,3, 44.87 W, 49, 0 %, 60590 MiB
2026-09-02T12:02:41Z,0, 62.10 W, 50, 100 %, 51290 MiB
2026-09-02T12:02:41Z,1, 79.19 W, 51, 100 %, 50290 MiB
2026-09-02T12:02:41Z,2, 42.66 W, 49, 0 %, 51674 MiB
2026-09-02T12:02:41Z,3, 44.09 W, 49, 0 %, 60590 MiB
2026-09-02T12:02:42Z,0, 61.92 W, 50, 100 %, 51290 MiB
2026-09-02T12:02:42Z,1, 79.12 W, 51, 100 %, 50290 MiB
2026-09-02T12:02:42Z,2, 42.57 W, 48, 0 %, 51674 MiB
2026-09-02T12:02:42Z,3, 43.80 W, 49, 0 %, 60590 MiB
2026-09-02T12:02:43Z,0, 61.92 W, 50, 100 %, 51290 MiB
2026-09-02T12:02:43Z,1, 79.10 W, 51, 100 %, 50290 MiB
2026-09-02T12:02:43Z,2, 42.47 W, 48, 0 %, 51674 MiB
2026-09-02T12:02:43Z,3, 43.90 W, 49, 0 %, 60590 MiB
2026-09-02T12:02:44Z,0, 61.34 W, 50, 100 %, 51290 MiB
2026-09-02T12:02:44Z,1, 78.98 W, 51, 100 %, 50290 MiB
2026-09-02T12:02:44Z,2, 42.47 W, 48, 0 %, 51674 MiB
2026-09-02T12:02:44Z,3, 43.79 W, 48, 0 %, 60590 MiB
2026-09-02T12:02:45Z,0, 61.92 W, 50, 100 %, 51290 MiB
2026-09-02T12:02:45Z,1, 78.93 W, 51, 100 %, 50290 MiB
2026-09-02T12:02:45Z,2, 42.38 W, 48, 0 %, 51674 MiB
2026-09-02T12:02:45Z,3, 43.62 W, 48, 0 %, 60590 MiB
2026-09-02T12:02:47Z,0, 61.81 W, 50, 100 %, 51290 MiB
2026-09-02T12:02:47Z,1, 78.90 W, 51, 100 %, 50290 MiB
2026-09-02T12:02:47Z,2, 42.38 W, 48, 0 %, 51674 MiB
2026-09-02T12:02:47Z,3, 43.61 W, 48, 0 %, 60590 MiB
2026-09-02T12:02:48Z,0, 61.82 W, 50, 100 %, 51290 MiB
2026-09-02T12:02:48Z,1, 78.90 W, 50, 100 %, 50290 MiB
2026-09-02T12:02:48Z,2, 42.57 W, 48, 0 %, 51674 MiB
2026-09-02T12:02:48Z,3, 43.90 W, 48, 0 %, 60590 MiB
2026-09-02T12:02:49Z,0, 61.82 W, 50, 100 %, 51290 MiB
2026-09-02T12:02:49Z,1, 78.72 W, 50, 100 %, 50290 MiB
2026-09-02T12:02:49Z,2, 42.28 W, 48, 0 %, 51674 MiB
2026-09-02T12:02:49Z,3, 43.62 W, 48, 0 %, 60590 MiB
2026-09-02T12:02:50Z,0, 61.74 W, 50, 100 %, 51290 MiB
2026-09-02T12:02:50Z,1, 78.72 W, 50, 100 %, 50290 MiB
2026-09-02T12:02:50Z,2, 41.99 W, 47, 0 %, 51674 MiB
2026-09-02T12:02:50Z,3, 43.41 W, 47, 0 %, 60590 MiB
2026-09-02T12:02:51Z,0, 61.74 W, 50, 100 %, 51290 MiB
2026-09-02T12:02:51Z,1, 79.71 W, 50, 100 %, 50290 MiB
2026-09-02T12:02:51Z,2, 42.09 W, 47, 0 %, 51674 MiB
2026-09-02T12:02:51Z,3, 43.52 W, 47, 0 %, 60590 MiB
2026-09-02T12:02:52Z,0, 61.72 W, 50, 100 %, 51290 MiB
2026-09-02T12:02:52Z,1, 78.62 W, 50, 100 %, 50290 MiB
2026-09-02T12:02:52Z,2, 41.98 W, 47, 0 %, 51674 MiB
2026-09-02T12:02:52Z,3, 43.41 W, 47, 0 %, 60590 MiB
2026-09-02T12:02:53Z,0, 61.72 W, 50, 100 %, 51290 MiB
2026-09-02T12:02:53Z,1, 78.62 W, 50, 100 %, 50290 MiB
2026-09-02T12:02:53Z,2, 41.88 W, 47, 0 %, 51674 MiB
2026-09-02T12:02:53Z,3, 43.41 W, 47, 0 %, 60590 MiB
2026-09-02T12:02:54Z,0, 61.82 W, 50, 100 %, 51290 MiB
2026-09-02T12:02:54Z,1, 78.68 W, 50, 100 %, 50290 MiB
2026-09-02T12:02:54Z,2, 60.64 W, 48, 100 %, 51674 MiB
2026-09-02T12:02:54Z,3, 43.50 W, 47, 0 %, 60590 MiB
2026-09-02T12:02:55Z,0, 61.70 W, 50, 100 %, 51290 MiB
2026-09-02T12:02:55Z,1, 78.57 W, 50, 100 %, 50290 MiB
2026-09-02T12:02:55Z,2, 61.37 W, 48, 100 %, 51674 MiB
2026-09-02T12:02:55Z,3, 66.99 W, 48, 100 %, 6 MiB
2026-09-02T12:02:57Z,0, 61.71 W, 50, 100 %, 51290 MiB
2026-09-02T12:02:57Z,1, 78.58 W, 50, 100 %, 50290 MiB
2026-09-02T12:02:57Z,2, 61.47 W, 48, 100 %, 51674 MiB
2026-09-02T12:02:57Z,3, 64.11 W, 48, 0 %, 6 MiB
2026-09-02T12:02:58Z,0, 61.72 W, 50, 100 %, 51290 MiB
2026-09-02T12:02:58Z,1, 78.48 W, 50, 100 %, 50290 MiB
2026-09-02T12:02:58Z,2, 61.47 W, 48, 100 %, 51674 MiB
2026-09-02T12:02:58Z,3, 63.81 W, 48, 0 %, 6 MiB
2026-09-02T12:02:59Z,0, 61.78 W, 50, 100 %, 51290 MiB
2026-09-02T12:02:59Z,1, 78.44 W, 50, 100 %, 50290 MiB
2026-09-02T12:02:59Z,2, 61.50 W, 48, 100 %, 51674 MiB
2026-09-02T12:02:59Z,3, 38.17 W, 47, 0 %, 6 MiB
2026-09-02T12:03:00Z,0, 61.63 W, 49, 100 %, 51290 MiB
2026-09-02T12:03:00Z,1, 78.28 W, 50, 100 %, 50290 MiB
2026-09-02T12:03:00Z,2, 61.50 W, 48, 100 %, 51674 MiB
2026-09-02T12:03:00Z,3, 37.94 W, 46, 0 %, 6 MiB
2026-09-02T12:03:01Z,0, 61.72 W, 49, 100 %, 51290 MiB
2026-09-02T12:03:01Z,1, 78.32 W, 50, 100 %, 50290 MiB
2026-09-02T12:03:01Z,2, 61.41 W, 48, 100 %, 51674 MiB
2026-09-02T12:03:01Z,3, 37.66 W, 46, 0 %, 6 MiB
2026-09-02T12:03:02Z,0, 61.60 W, 49, 100 %, 51290 MiB
2026-09-02T12:03:02Z,1, 78.27 W, 50, 100 %, 50290 MiB
2026-09-02T12:03:02Z,2, 61.44 W, 48, 100 %, 51674 MiB
2026-09-02T12:03:02Z,3, 37.66 W, 46, 0 %, 6 MiB
2026-09-02T12:03:03Z,0, 56.64 W, 49, 41 %, 51290 MiB
2026-09-02T12:03:03Z,1, 73.17 W, 50, 70 %, 50290 MiB
2026-09-02T12:03:03Z,2, 56.40 W, 48, 0 %, 51674 MiB
2026-09-02T12:03:03Z,3, 37.48 W, 46, 0 %, 6 MiB
2026-09-02T12:03:04Z,0, 59.53 W, 49, 100 %, 6 MiB
2026-09-02T12:03:04Z,1, 75.70 W, 49, 60 %, 6 MiB
2026-09-02T12:03:04Z,2, 59.19 W, 48, 100 %, 6 MiB
2026-09-02T12:03:04Z,3, 37.47 W, 46, 0 %, 6 MiB
2026-09-02T12:03:05Z,0, 59.33 W, 49, 100 %, 6 MiB
2026-09-02T12:03:05Z,1, 75.09 W, 49, 100 %, 6 MiB
2026-09-02T12:03:05Z,2, 56.40 W, 48, 39 %, 6 MiB
2026-09-02T12:03:05Z,3, 37.48 W, 46, 0 %, 6 MiB
2026-09-02T12:03:07Z,0, 56.63 W, 49, 0 %, 6 MiB
2026-09-02T12:03:07Z,1, 72.10 W, 49, 0 %, 6 MiB
2026-09-02T12:03:07Z,2, 56.21 W, 48, 0 %, 6 MiB
2026-09-02T12:03:07Z,3, 37.48 W, 45, 0 %, 6 MiB
2026-09-02T12:03:08Z,0, 36.74 W, 48, 0 %, 0 MiB
2026-09-02T12:03:08Z,1, 41.63 W, 48, 0 %, 0 MiB
2026-09-02T12:03:08Z,2, 36.46 W, 47, 0 %, 0 MiB
2026-09-02T12:03:08Z,3, 37.50 W, 45, 0 %, 0 MiB
2026-09-02T12:03:09Z,0, 36.55 W, 48, 0 %, 0 MiB
2026-09-02T12:03:09Z,1, 41.35 W, 47, 0 %, 0 MiB
2026-09-02T12:03:09Z,2, 35.89 W, 46, 0 %, 0 MiB
2026-09-02T12:03:09Z,3, 37.41 W, 45, 0 %, 0 MiB
2026-09-02T12:03:10Z,0, 36.44 W, 47, 0 %, 0 MiB
2026-09-02T12:03:10Z,1, 41.15 W, 47, 0 %, 0 MiB
2026-09-02T12:03:10Z,2, 35.88 W, 46, 0 %, 0 MiB
2026-09-02T12:03:10Z,3, 37.40 W, 45, 0 %, 0 MiB
2026-09-02T12:03:11Z,0, 36.44 W, 47, 0 %, 0 MiB
2026-09-02T12:03:11Z,1, 41.05 W, 47, 0 %, 0 MiB
2026-09-02T12:03:11Z,2, 36.08 W, 46, 0 %, 0 MiB
2026-09-02T12:03:11Z,3, 37.41 W, 45, 0 %, 0 MiB
2026-09-02T12:03:12Z,0, 36.16 W, 47, 0 %, 0 MiB
2026-09-02T12:03:12Z,1, 41.04 W, 47, 0 %, 0 MiB
2026-09-02T12:03:12Z,2, 35.69 W, 46, 0 %, 0 MiB
2026-09-02T12:03:12Z,3, 37.60 W, 45, 0 %, 0 MiB
2026-09-02T12:03:13Z,0, 36.15 W, 47, 0 %, 0 MiB
2026-09-02T12:03:13Z,1, 40.94 W, 46, 0 %, 0 MiB
2026-09-02T12:03:13Z,2, 35.98 W, 46, 0 %, 0 MiB
2026-09-02T12:03:13Z,3, 37.30 W, 45, 0 %, 0 MiB
2026-09-02T12:03:14Z,0, 36.15 W, 47, 0 %, 0 MiB
2026-09-02T12:03:14Z,1, 40.84 W, 46, 0 %, 0 MiB
2026-09-02T12:03:14Z,2, 35.98 W, 46, 0 %, 0 MiB
2026-09-02T12:03:14Z,3, 37.30 W, 45, 0 %, 0 MiB
2026-09-02T12:03:15Z,0, 36.25 W, 47, 0 %, 0 MiB
2026-09-02T12:03:15Z,1, 40.85 W, 46, 0 %, 0 MiB
2026-09-02T12:03:15Z,2, 35.88 W, 46, 0 %, 0 MiB
2026-09-02T12:03:15Z,3, 37.21 W, 45, 0 %, 0 MiB
2026-09-02T12:03:17Z,0, 35.96 W, 47, 0 %, 0 MiB
2026-09-02T12:03:17Z,1, 40.76 W, 46, 0 %, 0 MiB
2026-09-02T12:03:17Z,2, 35.88 W, 45, 0 %, 0 MiB
2026-09-02T12:03:17Z,3, 37.21 W, 44, 0 %, 0 MiB
2026-09-02T12:03:18Z,0, 36.05 W, 47, 0 %, 0 MiB
2026-09-02T12:03:18Z,1, 40.75 W, 46, 0 %, 0 MiB
2026-09-02T12:03:18Z,2, 35.88 W, 45, 0 %, 0 MiB
2026-09-02T12:03:18Z,3, 37.40 W, 44, 0 %, 0 MiB
2026-09-02T12:03:19Z,0, 35.97 W, 47, 0 %, 0 MiB
2026-09-02T12:03:19Z,1, 40.65 W, 46, 0 %, 0 MiB
2026-09-02T12:03:19Z,2, 35.88 W, 45, 0 %, 0 MiB
2026-09-02T12:03:19Z,3, 37.41 W, 44, 0 %, 0 MiB
2026-09-02T12:03:20Z,0, 36.07 W, 46, 0 %, 0 MiB
2026-09-02T12:03:20Z,1, 40.55 W, 45, 0 %, 0 MiB
2026-09-02T12:03:20Z,2, 35.78 W, 45, 0 %, 0 MiB
2026-09-02T12:03:20Z,3, 37.41 W, 44, 0 %, 0 MiB
2026-09-02T12:03:21Z,0, 36.05 W, 46, 0 %, 0 MiB
2026-09-02T12:03:21Z,1, 40.45 W, 45, 0 %, 0 MiB
2026-09-02T12:03:21Z,2, 35.69 W, 45, 0 %, 0 MiB
2026-09-02T12:03:21Z,3, 37.30 W, 44, 0 %, 0 MiB
2026-09-02T12:03:22Z,0, 35.85 W, 46, 0 %, 0 MiB
2026-09-02T12:03:22Z,1, 40.45 W, 45, 0 %, 0 MiB
2026-09-02T12:03:22Z,2, 35.50 W, 45, 0 %, 0 MiB
2026-09-02T12:03:22Z,3, 37.31 W, 44, 0 %, 0 MiB
2026-09-02T12:03:23Z,0, 35.96 W, 46, 0 %, 0 MiB
2026-09-02T12:03:23Z,1, 40.45 W, 45, 0 %, 0 MiB
2026-09-02T12:03:23Z,2, 35.78 W, 45, 0 %, 0 MiB
2026-09-02T12:03:23Z,3, 37.31 W, 44, 0 %, 0 MiB
2026-09-02T12:03:24Z,0, 36.25 W, 46, 0 %, 0 MiB
2026-09-02T12:03:24Z,1, 40.36 W, 45, 0 %, 0 MiB
2026-09-02T12:03:24Z,2, 35.69 W, 45, 0 %, 0 MiB
2026-09-02T12:03:24Z,3, 37.20 W, 44, 0 %, 0 MiB
2026-09-02T12:03:26Z,0, 35.76 W, 46, 0 %, 0 MiB
2026-09-02T12:03:26Z,1, 40.46 W, 45, 0 %, 0 MiB
2026-09-02T12:03:26Z,2, 35.70 W, 45, 0 %, 0 MiB
2026-09-02T12:03:26Z,3, 37.50 W, 44, 0 %, 0 MiB
2026-09-02T12:03:27Z,0, 35.85 W, 46, 0 %, 0 MiB
2026-09-02T12:03:27Z,1, 40.36 W, 45, 0 %, 0 MiB
2026-09-02T12:03:27Z,2, 35.70 W, 45, 0 %, 0 MiB
2026-09-02T12:03:27Z,3, 37.21 W, 44, 0 %, 0 MiB
2026-09-02T12:03:28Z,0, 35.96 W, 46, 0 %, 0 MiB
2026-09-02T12:03:28Z,1, 40.26 W, 45, 0 %, 0 MiB
2026-09-02T12:03:28Z,2, 35.70 W, 45, 0 %, 0 MiB
2026-09-02T12:03:28Z,3, 37.21 W, 44, 0 %, 0 MiB
2026-09-02T12:03:29Z,0, 36.05 W, 46, 0 %, 0 MiB
2026-09-02T12:03:29Z,1, 40.35 W, 45, 0 %, 0 MiB
2026-09-02T12:03:29Z,2, 35.89 W, 45, 0 %, 0 MiB
2026-09-02T12:03:29Z,3, 37.20 W, 43, 0 %, 0 MiB
2026-09-02T12:03:30Z,0, 35.75 W, 46, 0 %, 0 MiB
2026-09-02T12:03:30Z,1, 40.36 W, 44, 0 %, 0 MiB
2026-09-02T12:03:30Z,2, 35.88 W, 45, 0 %, 0 MiB
2026-09-02T12:03:30Z,3, 37.12 W, 43, 0 %, 0 MiB
2026-09-02T12:03:31Z,0, 35.66 W, 46, 0 %, 0 MiB
2026-09-02T12:03:31Z,1, 40.16 W, 44, 0 %, 0 MiB
2026-09-02T12:03:31Z,2, 35.88 W, 44, 0 %, 0 MiB
2026-09-02T12:03:31Z,3, 37.12 W, 43, 0 %, 0 MiB
2026-09-02T12:03:32Z,0, 35.95 W, 45, 0 %, 0 MiB
2026-09-02T12:03:32Z,1, 40.06 W, 44, 0 %, 0 MiB
2026-09-02T12:03:32Z,2, 35.59 W, 44, 0 %, 0 MiB
2026-09-02T12:03:32Z,3, 37.20 W, 43, 0 %, 0 MiB
2026-09-02T12:03:33Z,0, 35.86 W, 45, 0 %, 0 MiB
2026-09-02T12:03:33Z,1, 40.06 W, 44, 0 %, 0 MiB
2026-09-02T12:03:33Z,2, 35.88 W, 44, 0 %, 0 MiB
2026-09-02T12:03:33Z,3, 37.12 W, 43, 0 %, 0 MiB
2026-09-02T12:03:35Z,0, 35.56 W, 45, 0 %, 0 MiB
2026-09-02T12:03:35Z,1, 39.97 W, 44, 0 %, 0 MiB
2026-09-02T12:03:35Z,2, 35.78 W, 44, 0 %, 0 MiB
2026-09-02T12:03:35Z,3, 37.12 W, 43, 0 %, 0 MiB
2026-09-02T12:03:36Z,0, 35.96 W, 45, 0 %, 0 MiB
2026-09-02T12:03:36Z,1, 39.86 W, 44, 0 %, 0 MiB
2026-09-02T12:03:36Z,2, 35.69 W, 44, 0 %, 0 MiB
2026-09-02T12:03:36Z,3, 37.01 W, 43, 0 %, 0 MiB
2026-09-02T12:03:37Z,0, 35.96 W, 45, 0 %, 0 MiB
2026-09-02T12:03:37Z,1, 39.86 W, 44, 0 %, 0 MiB
2026-09-02T12:03:37Z,2, 35.78 W, 44, 0 %, 0 MiB
2026-09-02T12:03:37Z,3, 37.02 W, 43, 0 %, 0 MiB
2026-09-02T12:03:38Z,0, 35.85 W, 45, 0 %, 0 MiB
2026-09-02T12:03:38Z,1, 39.86 W, 44, 0 %, 0 MiB
2026-09-02T12:03:38Z,2, 35.78 W, 44, 0 %, 0 MiB
2026-09-02T12:03:38Z,3, 37.02 W, 43, 0 %, 0 MiB
2026-09-02T12:03:39Z,0, 35.85 W, 45, 0 %, 0 MiB
2026-09-02T12:03:39Z,1, 39.86 W, 44, 0 %, 0 MiB
2026-09-02T12:03:39Z,2, 35.78 W, 44, 0 %, 0 MiB
2026-09-02T12:03:39Z,3, 37.02 W, 43, 0 %, 0 MiB
2026-09-02T12:03:40Z,0, 35.38 W, 45, 0 %, 0 MiB
2026-09-02T12:03:40Z,1, 39.86 W, 44, 0 %, 0 MiB
2026-09-02T12:03:40Z,2, 35.69 W, 44, 0 %, 0 MiB
2026-09-02T12:03:40Z,3, 37.02 W, 43, 0 %, 0 MiB
2026-09-02T12:03:41Z,0, 35.47 W, 45, 0 %, 0 MiB
2026-09-02T12:03:41Z,1, 39.66 W, 44, 0 %, 0 MiB
2026-09-02T12:03:41Z,2, 35.69 W, 44, 0 %, 0 MiB
2026-09-02T12:03:41Z,3, 36.80 W, 43, 0 %, 0 MiB
2026-09-02T12:03:42Z,0, 35.77 W, 45, 0 %, 0 MiB
2026-09-02T12:03:42Z,1, 39.87 W, 44, 0 %, 0 MiB
2026-09-02T12:03:42Z,2, 35.69 W, 44, 0 %, 0 MiB
2026-09-02T12:03:42Z,3, 36.91 W, 43, 0 %, 0 MiB
2026-09-02T12:03:43Z,0, 35.65 W, 45, 0 %, 0 MiB
2026-09-02T12:03:43Z,1, 39.76 W, 43, 0 %, 0 MiB
2026-09-02T12:03:43Z,2, 35.49 W, 44, 0 %, 0 MiB
2026-09-02T12:03:43Z,3, 36.91 W, 43, 0 %, 0 MiB
2026-09-02T12:03:45Z,0, 35.38 W, 45, 0 %, 0 MiB
2026-09-02T12:03:45Z,1, 39.66 W, 43, 0 %, 0 MiB
2026-09-02T12:03:45Z,2, 35.50 W, 44, 0 %, 0 MiB
2026-09-02T12:03:45Z,3, 36.80 W, 43, 0 %, 0 MiB
2026-09-02T12:03:46Z,0, 35.36 W, 45, 0 %, 0 MiB
2026-09-02T12:03:46Z,1, 39.57 W, 43, 0 %, 0 MiB
2026-09-02T12:03:46Z,2, 35.69 W, 44, 0 %, 0 MiB
2026-09-02T12:03:46Z,3, 36.91 W, 42, 0 %, 0 MiB
2026-09-02T12:03:47Z,0, 35.36 W, 45, 0 %, 0 MiB
2026-09-02T12:03:47Z,1, 39.65 W, 43, 0 %, 0 MiB
2026-09-02T12:03:47Z,2, 35.69 W, 44, 0 %, 0 MiB
2026-09-02T12:03:47Z,3, 36.81 W, 42, 0 %, 0 MiB
2026-09-02T12:03:48Z,0, 35.46 W, 45, 0 %, 0 MiB
2026-09-02T12:03:48Z,1, 39.47 W, 43, 0 %, 0 MiB
2026-09-02T12:03:48Z,2, 35.69 W, 44, 0 %, 0 MiB
2026-09-02T12:03:48Z,3, 36.80 W, 42, 0 %, 0 MiB
2026-09-02T12:03:49Z,0, 35.36 W, 44, 0 %, 0 MiB
2026-09-02T12:03:49Z,1, 39.56 W, 43, 0 %, 0 MiB
2026-09-02T12:03:49Z,2, 35.58 W, 44, 0 %, 0 MiB
2026-09-02T12:03:49Z,3, 36.79 W, 42, 0 %, 0 MiB
2026-09-02T12:03:50Z,0, 35.36 W, 44, 0 %, 0 MiB
2026-09-02T12:03:50Z,1, 39.56 W, 43, 0 %, 0 MiB
2026-09-02T12:03:50Z,2, 35.29 W, 43, 0 %, 0 MiB
2026-09-02T12:03:50Z,3, 36.79 W, 42, 0 %, 0 MiB
2026-09-02T12:03:51Z,0, 35.66 W, 44, 0 %, 0 MiB
2026-09-02T12:03:51Z,1, 39.47 W, 43, 0 %, 0 MiB
2026-09-02T12:03:51Z,2, 35.49 W, 43, 0 %, 0 MiB
2026-09-02T12:03:51Z,3, 36.80 W, 42, 0 %, 0 MiB
2026-09-02T12:03:52Z,0, 35.56 W, 44, 0 %, 0 MiB
2026-09-02T12:03:52Z,1, 39.47 W, 43, 0 %, 0 MiB
2026-09-02T12:03:52Z,2, 35.69 W, 43, 0 %, 0 MiB
2026-09-02T12:03:52Z,3, 36.80 W, 42, 0 %, 0 MiB
2026-09-02T12:03:54Z,0, 35.56 W, 44, 0 %, 0 MiB
2026-09-02T12:03:54Z,1, 39.56 W, 43, 0 %, 0 MiB
2026-09-02T12:03:54Z,2, 35.68 W, 43, 0 %, 0 MiB
2026-09-02T12:03:54Z,3, 37.00 W, 42, 0 %, 0 MiB
2026-09-02T12:03:55Z,0, 35.57 W, 44, 0 %, 0 MiB
2026-09-02T12:03:55Z,1, 39.48 W, 43, 0 %, 0 MiB
2026-09-02T12:03:55Z,2, 35.50 W, 43, 0 %, 0 MiB
2026-09-02T12:03:55Z,3, 36.71 W, 42, 0 %, 0 MiB
2026-09-02T12:03:56Z,0, 35.48 W, 44, 0 %, 0 MiB
2026-09-02T12:03:56Z,1, 39.38 W, 43, 0 %, 0 MiB
2026-09-02T12:03:56Z,2, 35.60 W, 43, 0 %, 0 MiB
2026-09-02T12:03:56Z,3, 36.81 W, 42, 0 %, 0 MiB
2026-09-02T12:03:57Z,0, 35.46 W, 44, 0 %, 0 MiB
2026-09-02T12:03:57Z,1, 39.37 W, 43, 0 %, 0 MiB
2026-09-02T12:03:57Z,2, 35.20 W, 43, 0 %, 0 MiB
2026-09-02T12:03:57Z,3, 37.01 W, 42, 0 %, 0 MiB
2026-09-02T12:03:58Z,0, 35.56 W, 44, 0 %, 0 MiB
2026-09-02T12:03:58Z,1, 39.37 W, 43, 0 %, 0 MiB
2026-09-02T12:03:58Z,2, 35.21 W, 43, 0 %, 0 MiB
2026-09-02T12:03:58Z,3, 36.70 W, 42, 0 %, 0 MiB
2026-09-02T12:03:59Z,0, 35.48 W, 44, 0 %, 0 MiB
2026-09-02T12:03:59Z,1, 39.38 W, 42, 0 %, 0 MiB
2026-09-02T12:03:59Z,2, 35.41 W, 43, 0 %, 0 MiB
2026-09-02T12:03:59Z,3, 36.70 W, 42, 0 %, 0 MiB
2026-09-02T12:04:00Z,0, 35.18 W, 44, 0 %, 0 MiB
2026-09-02T12:04:00Z,1, 39.28 W, 42, 0 %, 0 MiB
2026-09-02T12:04:00Z,2, 35.41 W, 43, 0 %, 0 MiB
2026-09-02T12:04:00Z,3, 36.91 W, 42, 0 %, 0 MiB
2026-09-02T12:04:01Z,0, 35.17 W, 44, 0 %, 0 MiB
2026-09-02T12:04:01Z,1, 39.26 W, 42, 0 %, 0 MiB
2026-09-02T12:04:01Z,2, 35.20 W, 43, 0 %, 0 MiB
2026-09-02T12:04:01Z,3, 36.90 W, 42, 0 %, 0 MiB
2026-09-02T12:04:02Z,0, 35.28 W, 44, 0 %, 0 MiB
2026-09-02T12:04:02Z,1, 39.38 W, 42, 0 %, 0 MiB
2026-09-02T12:04:02Z,2, 35.50 W, 43, 0 %, 0 MiB
2026-09-02T12:04:02Z,3, 36.71 W, 42, 0 %, 0 MiB
2026-09-02T12:04:04Z,0, 35.17 W, 44, 0 %, 0 MiB
2026-09-02T12:04:04Z,1, 39.18 W, 42, 0 %, 0 MiB
2026-09-02T12:04:04Z,2, 35.51 W, 43, 0 %, 0 MiB
2026-09-02T12:04:04Z,3, 37.01 W, 42, 0 %, 0 MiB
2026-09-02T12:04:05Z,0, 35.17 W, 44, 0 %, 0 MiB
2026-09-02T12:04:05Z,1, 39.28 W, 42, 0 %, 0 MiB
2026-09-02T12:04:05Z,2, 35.49 W, 43, 0 %, 0 MiB
2026-09-02T12:04:05Z,3, 36.60 W, 42, 0 %, 0 MiB
2026-09-02T12:04:06Z,0, 35.38 W, 44, 0 %, 0 MiB
2026-09-02T12:04:06Z,1, 39.19 W, 42, 0 %, 0 MiB
2026-09-02T12:04:06Z,2, 35.41 W, 43, 0 %, 0 MiB
2026-09-02T12:04:06Z,3, 36.62 W, 42, 0 %, 0 MiB
2026-09-02T12:04:07Z,0, 35.19 W, 44, 0 %, 0 MiB
2026-09-02T12:04:07Z,1, 39.28 W, 42, 0 %, 0 MiB
2026-09-02T12:04:07Z,2, 35.50 W, 43, 0 %, 0 MiB
2026-09-02T12:04:07Z,3, 36.90 W, 42, 0 %, 0 MiB
2026-09-02T12:04:08Z,0, 35.17 W, 44, 0 %, 0 MiB
2026-09-02T12:04:08Z,1, 39.17 W, 42, 0 %, 0 MiB
2026-09-02T12:04:08Z,2, 35.40 W, 43, 0 %, 0 MiB
2026-09-02T12:04:08Z,3, 36.90 W, 42, 0 %, 0 MiB
2026-09-02T12:04:09Z,0, 35.36 W, 43, 0 %, 0 MiB
2026-09-02T12:04:09Z,1, 39.18 W, 42, 0 %, 0 MiB
2026-09-02T12:04:09Z,2, 35.41 W, 43, 0 %, 0 MiB
2026-09-02T12:04:09Z,3, 36.62 W, 41, 0 %, 0 MiB
2026-09-02T12:04:10Z,0, 35.26 W, 43, 0 %, 0 MiB
2026-09-02T12:04:10Z,1, 39.08 W, 42, 0 %, 0 MiB
2026-09-02T12:04:10Z,2, 35.40 W, 43, 0 %, 0 MiB
2026-09-02T12:04:10Z,3, 36.60 W, 41, 0 %, 0 MiB
2026-09-02T12:04:11Z,0, 35.07 W, 43, 0 %, 0 MiB
2026-09-02T12:04:11Z,1, 39.08 W, 42, 0 %, 0 MiB
2026-09-02T12:04:11Z,2, 35.39 W, 43, 0 %, 0 MiB
2026-09-02T12:04:11Z,3, 36.51 W, 41, 0 %, 0 MiB
2026-09-02T12:04:12Z,0, 35.08 W, 43, 0 %, 0 MiB
2026-09-02T12:04:12Z,1, 39.08 W, 42, 0 %, 0 MiB
2026-09-02T12:04:12Z,2, 35.31 W, 43, 0 %, 0 MiB
2026-09-02T12:04:12Z,3, 36.80 W, 41, 0 %, 0 MiB
2026-09-02T12:04:14Z,0, 34.97 W, 43, 0 %, 0 MiB
2026-09-02T12:04:14Z,1, 39.08 W, 42, 0 %, 0 MiB
2026-09-02T12:04:14Z,2, 35.30 W, 43, 0 %, 0 MiB
2026-09-02T12:04:14Z,3, 36.51 W, 41, 0 %, 0 MiB
2026-09-02T12:04:15Z,0, 35.06 W, 43, 0 %, 0 MiB
2026-09-02T12:04:15Z,1, 39.07 W, 42, 0 %, 0 MiB
2026-09-02T12:04:15Z,2, 35.29 W, 43, 0 %, 0 MiB
2026-09-02T12:04:15Z,3, 36.51 W, 41, 0 %, 0 MiB
2026-09-02T12:04:16Z,0, 34.99 W, 43, 0 %, 0 MiB
2026-09-02T12:04:16Z,1, 39.09 W, 42, 0 %, 0 MiB
2026-09-02T12:04:16Z,2, 35.31 W, 43, 0 %, 0 MiB
2026-09-02T12:04:16Z,3, 36.81 W, 41, 0 %, 0 MiB
2026-09-02T12:04:17Z,0, 34.99 W, 43, 0 %, 0 MiB
2026-09-02T12:04:17Z,1, 38.98 W, 42, 0 %, 0 MiB
2026-09-02T12:04:17Z,2, 35.30 W, 42, 0 %, 0 MiB
2026-09-02T12:04:17Z,3, 36.52 W, 41, 0 %, 0 MiB
2026-09-02T12:04:18Z,0, 34.97 W, 43, 0 %, 0 MiB
2026-09-02T12:04:18Z,1, 39.06 W, 42, 0 %, 0 MiB
2026-09-02T12:04:18Z,2, 35.30 W, 42, 0 %, 0 MiB
2026-09-02T12:04:18Z,3, 36.60 W, 41, 0 %, 0 MiB
2026-09-02T12:04:19Z,0, 35.28 W, 43, 0 %, 0 MiB
2026-09-02T12:04:19Z,1, 38.98 W, 42, 0 %, 0 MiB
2026-09-02T12:04:19Z,2, 35.31 W, 42, 0 %, 0 MiB
2026-09-02T12:04:19Z,3, 36.70 W, 41, 0 %, 0 MiB
2026-09-02T12:04:20Z,0, 35.19 W, 43, 0 %, 0 MiB
2026-09-02T12:04:20Z,1, 39.09 W, 42, 0 %, 0 MiB
2026-09-02T12:04:20Z,2, 35.31 W, 42, 0 %, 0 MiB
2026-09-02T12:04:20Z,3, 36.81 W, 41, 0 %, 0 MiB
2026-09-02T12:04:21Z,0, 34.95 W, 43, 0 %, 0 MiB
2026-09-02T12:04:21Z,1, 39.07 W, 42, 0 %, 0 MiB
2026-09-02T12:04:21Z,2, 35.00 W, 42, 0 %, 0 MiB
2026-09-02T12:04:21Z,3, 36.59 W, 41, 0 %, 0 MiB
2026-09-02T12:04:22Z,0, 34.97 W, 43, 0 %, 0 MiB
2026-09-02T12:04:22Z,1, 38.98 W, 42, 0 %, 0 MiB
2026-09-02T12:04:22Z,2, 34.91 W, 42, 0 %, 0 MiB
2026-09-02T12:04:22Z,3, 36.51 W, 41, 0 %, 0 MiB
2026-09-02T12:04:24Z,0, 35.19 W, 43, 0 %, 0 MiB
2026-09-02T12:04:24Z,1, 38.90 W, 41, 0 %, 0 MiB
2026-09-02T12:04:24Z,2, 35.22 W, 42, 0 %, 0 MiB
2026-09-02T12:04:24Z,3, 36.52 W, 41, 0 %, 0 MiB
2026-09-02T12:04:25Z,0, 35.17 W, 43, 0 %, 0 MiB
2026-09-02T12:04:25Z,1, 38.99 W, 41, 0 %, 0 MiB
2026-09-02T12:04:25Z,2, 35.00 W, 42, 0 %, 0 MiB
2026-09-02T12:04:25Z,3, 36.41 W, 41, 0 %, 0 MiB
2026-09-02T12:04:26Z,0, 35.07 W, 43, 0 %, 0 MiB
2026-09-02T12:04:26Z,1, 38.88 W, 41, 0 %, 0 MiB
2026-09-02T12:04:26Z,2, 35.31 W, 42, 0 %, 0 MiB
2026-09-02T12:04:26Z,3, 36.51 W, 41, 0 %, 0 MiB
2026-09-02T12:28:50Z,0, 41.19 W, 46, 0 %, 50862 MiB
2026-09-02T12:28:50Z,1, 46.31 W, 46, 0 %, 49712 MiB
2026-09-02T12:28:50Z,2, 41.41 W, 45, 0 %, 51254 MiB
2026-09-02T12:28:50Z,3, 43.04 W, 46, 0 %, 60042 MiB
2026-09-02T12:28:51Z,0, 41.31 W, 46, 0 %, 50862 MiB
2026-09-02T12:28:51Z,1, 46.24 W, 45, 0 %, 49712 MiB
2026-09-02T12:28:51Z,2, 41.31 W, 45, 0 %, 51254 MiB
2026-09-02T12:28:51Z,3, 42.75 W, 45, 0 %, 60042 MiB
2026-09-02T12:28:52Z,0, 41.11 W, 45, 0 %, 50862 MiB
2026-09-02T12:28:52Z,1, 46.22 W, 45, 0 %, 49712 MiB
2026-09-02T12:28:52Z,2, 41.41 W, 45, 0 %, 51254 MiB
2026-09-02T12:28:52Z,3, 42.75 W, 45, 0 %, 60042 MiB
2026-09-02T12:28:53Z,0, 66.08 W, 48, 87 %, 50862 MiB
2026-09-02T12:28:53Z,1, 161.50 W, 49, 87 %, 49734 MiB
2026-09-02T12:28:53Z,2, 66.83 W, 47, 69 %, 51256 MiB
2026-09-02T12:28:53Z,3, 74.22 W, 48, 60 %, 60046 MiB
2026-09-02T12:28:55Z,0, 77.61 W, 48, 87 %, 50862 MiB
2026-09-02T12:28:55Z,1, 110.78 W, 50, 87 %, 49734 MiB
2026-09-02T12:28:55Z,2, 83.48 W, 48, 67 %, 51256 MiB
2026-09-02T12:28:55Z,3, 86.18 W, 49, 62 %, 60046 MiB
2026-09-02T12:28:56Z,0, 77.08 W, 49, 87 %, 50862 MiB
2026-09-02T12:28:56Z,1, 194.91 W, 50, 87 %, 49734 MiB
2026-09-02T12:28:56Z,2, 76.03 W, 48, 74 %, 51256 MiB
2026-09-02T12:28:56Z,3, 75.62 W, 49, 60 %, 60046 MiB
2026-09-02T12:28:57Z,0, 108.79 W, 49, 89 %, 50862 MiB
2026-09-02T12:28:57Z,1, 77.69 W, 50, 86 %, 49734 MiB
2026-09-02T12:28:57Z,2, 129.26 W, 48, 70 %, 51256 MiB
2026-09-02T12:28:57Z,3, 97.96 W, 49, 58 %, 60046 MiB
2026-09-02T12:28:58Z,0, 98.64 W, 49, 89 %, 50862 MiB
2026-09-02T12:28:58Z,1, 80.92 W, 50, 86 %, 49734 MiB
2026-09-02T12:28:58Z,2, 128.19 W, 49, 67 %, 51256 MiB
2026-09-02T12:28:58Z,3, 90.07 W, 50, 57 %, 60046 MiB
2026-09-02T12:28:59Z,0, 74.40 W, 49, 86 %, 50862 MiB
2026-09-02T12:28:59Z,1, 107.34 W, 50, 84 %, 49734 MiB
2026-09-02T12:28:59Z,2, 66.93 W, 48, 71 %, 51256 MiB
2026-09-02T12:28:59Z,3, 189.52 W, 50, 51 %, 60046 MiB
2026-09-02T12:29:00Z,0, 70.18 W, 49, 86 %, 50862 MiB
2026-09-02T12:29:00Z,1, 109.33 W, 51, 83 %, 49734 MiB
2026-09-02T12:29:00Z,2, 68.87 W, 48, 71 %, 51256 MiB
2026-09-02T12:29:00Z,3, 178.23 W, 50, 56 %, 60046 MiB
2026-09-02T12:29:01Z,0, 74.93 W, 49, 85 %, 50862 MiB
2026-09-02T12:29:01Z,1, 111.43 W, 50, 82 %, 49734 MiB
2026-09-02T12:29:01Z,2, 75.13 W, 49, 68 %, 51256 MiB
2026-09-02T12:29:01Z,3, 179.12 W, 50, 54 %, 60046 MiB
2026-09-02T12:29:02Z,0, 70.46 W, 50, 88 %, 50862 MiB
2026-09-02T12:29:02Z,1, 99.71 W, 50, 84 %, 49734 MiB
2026-09-02T12:29:02Z,2, 69.79 W, 49, 70 %, 51256 MiB
2026-09-02T12:29:02Z,3, 135.62 W, 50, 54 %, 60046 MiB
2026-09-02T12:29:03Z,0, 96.33 W, 49, 89 %, 50862 MiB
2026-09-02T12:29:03Z,1, 157.62 W, 51, 87 %, 49734 MiB
2026-09-02T12:29:03Z,2, 110.20 W, 49, 74 %, 51256 MiB
2026-09-02T12:29:03Z,3, 114.91 W, 50, 62 %, 60046 MiB
2026-09-02T12:29:04Z,0, 74.92 W, 49, 87 %, 50862 MiB
2026-09-02T12:29:04Z,1, 83.57 W, 50, 84 %, 49734 MiB
2026-09-02T12:29:04Z,2, 142.96 W, 49, 75 %, 51256 MiB
2026-09-02T12:29:04Z,3, 114.96 W, 50, 50 %, 60046 MiB
2026-09-02T12:29:06Z,0, 61.51 W, 49, 83 %, 50862 MiB
2026-09-02T12:29:06Z,1, 134.63 W, 50, 72 %, 49734 MiB
2026-09-02T12:29:06Z,2, 129.20 W, 48, 51 %, 51256 MiB
2026-09-02T12:29:06Z,3, 84.63 W, 49, 18 %, 60046 MiB
2026-09-02T12:29:07Z,0, 135.32 W, 50, 89 %, 50862 MiB
2026-09-02T12:29:07Z,1, 161.71 W, 51, 86 %, 49734 MiB
2026-09-02T12:29:07Z,2, 112.43 W, 49, 77 %, 51256 MiB
2026-09-02T12:29:07Z,3, 125.75 W, 51, 59 %, 60046 MiB
2026-09-02T12:29:08Z,0, 129.78 W, 50, 87 %, 50862 MiB
2026-09-02T12:29:08Z,1, 150.90 W, 51, 84 %, 49734 MiB
2026-09-02T12:29:08Z,2, 123.13 W, 49, 70 %, 51256 MiB
2026-09-02T12:29:08Z,3, 133.99 W, 51, 61 %, 60046 MiB
2026-09-02T12:29:09Z,0, 170.21 W, 50, 87 %, 50862 MiB
2026-09-02T12:29:09Z,1, 162.63 W, 51, 85 %, 49734 MiB
2026-09-02T12:29:09Z,2, 155.92 W, 49, 69 %, 51256 MiB
2026-09-02T12:29:09Z,3, 102.45 W, 51, 59 %, 60046 MiB
2026-09-02T12:29:10Z,0, 95.78 W, 50, 89 %, 50862 MiB
2026-09-02T12:29:10Z,1, 104.26 W, 51, 85 %, 49734 MiB
2026-09-02T12:29:10Z,2, 89.26 W, 50, 72 %, 51256 MiB
2026-09-02T12:29:10Z,3, 137.36 W, 51, 56 %, 60046 MiB
2026-09-02T12:29:11Z,0, 115.18 W, 51, 89 %, 50862 MiB
2026-09-02T12:29:11Z,1, 111.69 W, 51, 87 %, 49734 MiB
2026-09-02T12:29:11Z,2, 120.43 W, 50, 72 %, 51256 MiB
2026-09-02T12:29:11Z,3, 143.36 W, 51, 60 %, 60046 MiB
2026-09-02T12:29:12Z,0, 100.26 W, 50, 87 %, 50862 MiB
2026-09-02T12:29:12Z,1, 132.14 W, 51, 80 %, 49734 MiB
2026-09-02T12:29:12Z,2, 68.82 W, 50, 66 %, 51256 MiB
2026-09-02T12:29:12Z,3, 103.04 W, 51, 53 %, 60046 MiB
2026-09-02T12:29:13Z,0, 82.19 W, 50, 87 %, 50862 MiB
2026-09-02T12:29:13Z,1, 106.30 W, 51, 80 %, 49734 MiB
2026-09-02T12:29:13Z,2, 115.95 W, 49, 69 %, 51256 MiB
2026-09-02T12:29:13Z,3, 83.54 W, 51, 52 %, 60046 MiB
2026-09-02T12:29:14Z,0, 93.62 W, 50, 86 %, 50862 MiB
2026-09-02T12:29:14Z,1, 81.59 W, 51, 86 %, 49734 MiB
2026-09-02T12:29:14Z,2, 69.98 W, 49, 68 %, 51256 MiB
2026-09-02T12:29:14Z,3, 124.61 W, 51, 48 %, 60046 MiB
2026-09-02T12:29:15Z,0, 57.47 W, 49, 0 %, 50862 MiB
2026-09-02T12:29:15Z,1, 71.70 W, 49, 0 %, 49734 MiB
2026-09-02T12:29:15Z,2, 56.68 W, 48, 0 %, 51256 MiB
2026-09-02T12:29:15Z,3, 65.76 W, 49, 0 %, 60046 MiB
2026-09-02T12:29:17Z,0, 56.33 W, 48, 0 %, 50862 MiB
2026-09-02T12:29:17Z,1, 47.01 W, 48, 0 %, 49734 MiB
2026-09-02T12:29:17Z,2, 42.97 W, 47, 0 %, 51256 MiB
2026-09-02T12:29:17Z,3, 44.23 W, 48, 0 %, 60046 MiB
2026-09-02T12:29:18Z,0, 128.45 W, 50, 90 %, 50862 MiB
2026-09-02T12:29:18Z,1, 114.43 W, 50, 86 %, 49734 MiB
2026-09-02T12:29:18Z,2, 122.27 W, 49, 75 %, 51256 MiB
2026-09-02T12:29:18Z,3, 120.12 W, 50, 56 %, 60046 MiB
2026-09-02T12:29:19Z,0, 73.65 W, 50, 86 %, 50862 MiB
2026-09-02T12:29:19Z,1, 84.70 W, 51, 85 %, 49734 MiB
2026-09-02T12:29:19Z,2, 70.51 W, 50, 74 %, 51256 MiB
2026-09-02T12:29:19Z,3, 76.50 W, 51, 61 %, 60046 MiB
2026-09-02T12:29:20Z,0, 71.67 W, 50, 83 %, 50862 MiB
2026-09-02T12:29:20Z,1, 88.72 W, 51, 84 %, 49734 MiB
2026-09-02T12:29:20Z,2, 68.15 W, 50, 70 %, 51256 MiB
2026-09-02T12:29:20Z,3, 77.13 W, 51, 55 %, 60046 MiB
2026-09-02T12:29:21Z,0, 96.61 W, 51, 89 %, 50862 MiB
2026-09-02T12:29:21Z,1, 154.57 W, 51, 87 %, 49734 MiB
2026-09-02T12:29:21Z,2, 139.76 W, 50, 74 %, 51256 MiB
2026-09-02T12:29:21Z,3, 152.05 W, 51, 58 %, 60046 MiB
2026-09-02T12:29:22Z,0, 70.91 W, 51, 87 %, 50862 MiB
2026-09-02T12:29:22Z,1, 135.23 W, 52, 87 %, 49734 MiB
2026-09-02T12:29:22Z,2, 69.04 W, 50, 76 %, 51256 MiB
2026-09-02T12:29:22Z,3, 75.89 W, 51, 60 %, 60046 MiB
2026-09-02T12:29:23Z,0, 88.47 W, 51, 89 %, 50862 MiB
2026-09-02T12:29:23Z,1, 86.58 W, 52, 86 %, 49734 MiB
2026-09-02T12:29:23Z,2, 82.01 W, 50, 74 %, 51256 MiB
2026-09-02T12:29:23Z,3, 83.50 W, 51, 63 %, 60046 MiB
2026-09-02T12:29:24Z,0, 73.18 W, 51, 88 %, 50862 MiB
2026-09-02T12:29:24Z,1, 156.05 W, 52, 87 %, 49734 MiB
2026-09-02T12:29:24Z,2, 70.05 W, 51, 77 %, 51256 MiB
2026-09-02T12:29:24Z,3, 87.99 W, 52, 62 %, 60046 MiB
2026-09-02T12:29:25Z,0, 87.23 W, 51, 88 %, 50862 MiB
2026-09-02T12:29:25Z,1, 79.59 W, 52, 86 %, 49734 MiB
2026-09-02T12:29:25Z,2, 81.08 W, 51, 74 %, 51256 MiB
2026-09-02T12:29:25Z,3, 75.78 W, 52, 57 %, 60046 MiB
2026-09-02T12:29:27Z,0, 127.96 W, 51, 90 %, 50862 MiB
2026-09-02T12:29:27Z,1, 98.82 W, 52, 84 %, 49734 MiB
2026-09-02T12:29:27Z,2, 117.38 W, 50, 75 %, 51256 MiB
2026-09-02T12:29:27Z,3, 88.93 W, 52, 59 %, 60046 MiB
2026-09-02T12:29:28Z,0, 117.68 W, 51, 87 %, 50862 MiB
2026-09-02T12:29:28Z,1, 129.84 W, 52, 84 %, 49734 MiB
2026-09-02T12:29:28Z,2, 69.31 W, 51, 71 %, 51256 MiB
2026-09-02T12:29:28Z,3, 88.19 W, 52, 56 %, 60046 MiB
2026-09-02T12:29:29Z,0, 77.29 W, 51, 89 %, 50862 MiB
2026-09-02T12:29:29Z,1, 92.92 W, 52, 85 %, 49734 MiB
2026-09-02T12:29:29Z,2, 80.49 W, 50, 71 %, 51256 MiB
2026-09-02T12:29:29Z,3, 123.47 W, 52, 46 %, 60046 MiB
2026-09-02T12:29:30Z,0, 57.99 W, 50, 26 %, 50862 MiB
2026-09-02T12:29:30Z,1, 75.38 W, 51, 78 %, 49734 MiB
2026-09-02T12:29:30Z,2, 62.90 W, 50, 49 %, 51256 MiB
2026-09-02T12:29:30Z,3, 65.66 W, 51, 65 %, 60046 MiB
2026-09-02T12:29:31Z,0, 56.69 W, 49, 0 %, 50862 MiB
2026-09-02T12:29:31Z,1, 73.62 W, 50, 0 %, 49734 MiB
2026-09-02T12:29:31Z,2, 56.94 W, 49, 0 %, 51256 MiB
2026-09-02T12:29:31Z,3, 65.36 W, 50, 0 %, 60046 MiB
2026-09-02T12:29:32Z,0, 44.97 W, 49, 97 %, 50862 MiB
2026-09-02T12:29:32Z,1, 105.93 W, 50, 14 %, 49734 MiB
2026-09-02T12:29:32Z,2, 104.14 W, 49, 19 %, 51256 MiB
2026-09-02T12:29:32Z,3, 106.21 W, 49, 0 %, 60046 MiB
2026-09-02T12:29:33Z,0, 109.92 W, 52, 100 %, 50862 MiB
2026-09-02T12:29:33Z,1, 166.19 W, 53, 100 %, 49734 MiB
2026-09-02T12:29:33Z,2, 104.90 W, 51, 99 %, 51256 MiB
2026-09-02T12:29:33Z,3, 101.94 W, 53, 83 %, 60046 MiB
2026-09-02T12:29:34Z,0, 146.28 W, 52, 100 %, 50862 MiB
2026-09-02T12:29:34Z,1, 141.13 W, 54, 100 %, 49734 MiB
2026-09-02T12:29:34Z,2, 130.33 W, 52, 100 %, 51256 MiB
2026-09-02T12:29:34Z,3, 121.38 W, 53, 91 %, 60046 MiB
2026-09-02T12:29:35Z,0, 102.14 W, 53, 100 %, 50862 MiB
2026-09-02T12:29:35Z,1, 145.20 W, 54, 100 %, 49734 MiB
2026-09-02T12:29:35Z,2, 124.29 W, 52, 100 %, 51256 MiB
2026-09-02T12:29:35Z,3, 169.45 W, 54, 92 %, 60046 MiB
2026-09-02T12:29:36Z,0, 129.48 W, 53, 100 %, 50862 MiB
2026-09-02T12:29:37Z,1, 166.51 W, 54, 100 %, 49734 MiB
2026-09-02T12:29:37Z,2, 127.17 W, 52, 99 %, 51256 MiB
2026-09-02T12:29:37Z,3, 170.51 W, 54, 90 %, 60046 MiB
2026-09-02T12:29:38Z,0, 108.60 W, 53, 100 %, 50862 MiB
2026-09-02T12:29:38Z,1, 153.61 W, 55, 100 %, 49734 MiB
2026-09-02T12:29:38Z,2, 102.96 W, 53, 100 %, 51256 MiB
2026-09-02T12:29:38Z,3, 176.15 W, 55, 98 %, 60046 MiB
2026-09-02T12:29:39Z,0, 131.44 W, 53, 100 %, 50862 MiB
2026-09-02T12:29:39Z,1, 169.65 W, 54, 100 %, 49734 MiB
2026-09-02T12:29:39Z,2, 107.25 W, 53, 100 %, 51256 MiB
2026-09-02T12:29:39Z,3, 164.99 W, 54, 96 %, 60046 MiB
2026-09-02T12:29:40Z,0, 115.61 W, 53, 100 %, 50862 MiB
2026-09-02T12:29:40Z,1, 133.23 W, 55, 100 %, 49734 MiB
2026-09-02T12:29:40Z,2, 128.20 W, 53, 100 %, 51256 MiB
2026-09-02T12:29:40Z,3, 158.02 W, 55, 98 %, 60046 MiB
2026-09-02T12:29:41Z,0, 72.39 W, 52, 86 %, 50862 MiB
2026-09-02T12:29:41Z,1, 116.83 W, 54, 85 %, 49734 MiB
2026-09-02T12:29:41Z,2, 141.58 W, 52, 68 %, 51256 MiB
2026-09-02T12:29:41Z,3, 168.24 W, 54, 54 %, 60046 MiB
2026-09-02T12:29:42Z,0, 57.27 W, 51, 14 %, 50862 MiB
2026-09-02T12:29:42Z,1, 75.29 W, 52, 0 %, 49734 MiB
2026-09-02T12:29:42Z,2, 57.71 W, 50, 0 %, 51256 MiB
2026-09-02T12:29:42Z,3, 67.19 W, 52, 0 %, 60046 MiB
2026-09-02T12:29:43Z,0, 58.57 W, 50, 0 %, 50862 MiB
2026-09-02T12:29:43Z,1, 73.58 W, 51, 0 %, 49734 MiB
2026-09-02T12:29:43Z,2, 57.22 W, 50, 0 %, 51256 MiB
2026-09-02T12:29:43Z,3, 66.41 W, 51, 0 %, 60046 MiB
2026-09-02T12:29:44Z,0, 43.63 W, 50, 0 %, 50862 MiB
2026-09-02T12:29:44Z,1, 47.98 W, 50, 0 %, 49734 MiB
2026-09-02T12:29:44Z,2, 42.59 W, 49, 0 %, 51256 MiB
2026-09-02T12:29:44Z,3, 44.41 W, 50, 0 %, 60046 MiB
2026-09-02T12:29:45Z,0, 43.16 W, 49, 0 %, 50862 MiB
2026-09-02T12:29:45Z,1, 48.00 W, 49, 0 %, 49734 MiB
2026-09-02T12:29:45Z,2, 42.40 W, 48, 0 %, 51256 MiB
2026-09-02T12:29:45Z,3, 44.22 W, 49, 0 %, 60046 MiB
2026-09-02T12:29:46Z,0, 42.97 W, 49, 0 %, 50862 MiB
2026-09-02T12:29:46Z,1, 48.38 W, 49, 0 %, 49734 MiB
2026-09-02T12:29:46Z,2, 42.49 W, 48, 0 %, 51256 MiB
2026-09-02T12:29:46Z,3, 44.31 W, 49, 0 %, 60046 MiB
