timestamp, index, temperature.gpu, power.draw [W], utilization.gpu [%]
2026/10/03 20:10:05.063, 0, 51, 47.04 W, 0 %
2026/10/03 20:10:05.072, 1, 57, 48.76 W, 0 %
2026/10/03 20:10:05.080, 2, 45, 43.24 W, 0 %
2026/10/03 20:10:05.088, 3, 46, 41.93 W, 0 %
2026/10/03 20:10:07.096, 0, 51, 54.05 W, 0 %
2026/10/03 20:10:07.096, 1, 58, 63.85 W, 0 %
2026/10/03 20:10:07.096, 2, 45, 57.02 W, 0 %
2026/10/03 20:10:07.097, 3, 46, 47.42 W, 0 %
2026/10/03 20:10:09.097, 0, 53, 93.76 W, 99 %
2026/10/03 20:10:09.097, 1, 60, 109.28 W, 99 %
2026/10/03 20:10:09.104, 2, 48, 108.20 W, 99 %
2026/10/03 20:10:09.104, 3, 48, 81.96 W, 99 %
2026/10/03 20:10:11.104, 0, 53, 91.95 W, 99 %
2026/10/03 20:10:11.104, 1, 61, 117.61 W, 99 %
2026/10/03 20:10:11.105, 2, 49, 108.41 W, 99 %
2026/10/03 20:10:11.105, 3, 48, 82.99 W, 99 %
2026/10/03 20:10:13.105, 0, 54, 92.59 W, 99 %
2026/10/03 20:10:13.105, 1, 61, 116.19 W, 99 %
2026/10/03 20:10:13.105, 2, 49, 110.65 W, 99 %
2026/10/03 20:10:13.105, 3, 48, 87.12 W, 99 %
2026/10/03 20:10:15.105, 0, 54, 90.82 W, 99 %
2026/10/03 20:10:15.105, 1, 61, 114.75 W, 99 %
2026/10/03 20:10:15.105, 2, 49, 111.45 W, 99 %
2026/10/03 20:10:15.105, 3, 49, 83.92 W, 99 %
2026/10/03 20:10:17.106, 0, 54, 94.18 W, 99 %
2026/10/03 20:10:17.106, 1, 61, 114.15 W, 99 %
2026/10/03 20:10:17.106, 2, 50, 108.67 W, 98 %
2026/10/03 20:10:17.106, 3, 49, 85.03 W, 98 %
2026/10/03 20:10:19.106, 0, 54, 90.97 W, 99 %
2026/10/03 20:10:19.106, 1, 62, 117.86 W, 99 %
2026/10/03 20:10:19.106, 2, 50, 111.88 W, 99 %
2026/10/03 20:10:19.106, 3, 49, 87.52 W, 99 %
2026/10/03 20:10:21.106, 0, 52, 54.34 W, 0 %
2026/10/03 20:10:21.107, 1, 60, 52.00 W, 0 %
2026/10/03 20:10:21.107, 2, 48, 58.08 W, 0 %
2026/10/03 20:10:21.107, 3, 47, 47.91 W, 0 %
2026/10/03 20:10:23.107, 0, 52, 47.62 W, 0 %
2026/10/03 20:10:23.107, 1, 59, 49.22 W, 0 %
2026/10/03 20:10:23.107, 2, 47, 43.22 W, 0 %
2026/10/03 20:10:23.107, 3, 47, 42.22 W, 0 %
2026/10/03 20:10:25.107, 0, 52, 47.52 W, 0 %
2026/10/03 20:10:25.108, 1, 58, 49.03 W, 0 %
2026/10/03 20:10:25.108, 2, 46, 43.43 W, 0 %
2026/10/03 20:10:25.108, 3, 47, 42.21 W, 0 %
2026/10/03 20:10:27.108, 0, 54, 100.35 W, 100 %
2026/10/03 20:10:27.108, 1, 61, 102.75 W, 100 %
2026/10/03 20:10:27.108, 2, 49, 100.60 W, 85 %
2026/10/03 20:10:27.108, 3, 49, 88.53 W, 77 %
2026/10/03 20:10:29.108, 0, 54, 88.92 W, 99 %
2026/10/03 20:10:29.108, 1, 62, 114.07 W, 99 %
2026/10/03 20:10:29.108, 2, 50, 110.75 W, 78 %
2026/10/03 20:10:29.108, 3, 49, 77.87 W, 84 %
2026/10/03 20:10:31.109, 0, 54, 96.20 W, 100 %
2026/10/03 20:10:31.109, 1, 62, 116.77 W, 100 %
2026/10/03 20:10:31.109, 2, 50, 114.85 W, 100 %
2026/10/03 20:10:31.120, 3, 49, 84.30 W, 99 %
2026/10/03 20:10:33.120, 0, 55, 89.05 W, 100 %
2026/10/03 20:10:33.120, 1, 62, 116.09 W, 100 %
2026/10/03 20:10:33.120, 2, 51, 109.41 W, 100 %
2026/10/03 20:10:33.120, 3, 49, 70.90 W, 99 %
2026/10/03 20:10:35.120, 0, 54, 55.49 W, 0 %
2026/10/03 20:10:35.121, 1, 61, 94.66 W, 0 %
2026/10/03 20:10:35.121, 2, 49, 82.77 W, 0 %
2026/10/03 20:10:35.121, 3, 48, 77.93 W, 0 %
2026/10/03 20:10:37.121, 0, 55, 96.32 W, 99 %
2026/10/03 20:10:37.121, 1, 63, 129.69 W, 99 %
2026/10/03 20:10:37.121, 2, 51, 104.57 W, 99 %
2026/10/03 20:10:37.121, 3, 50, 81.21 W, 98 %
2026/10/03 20:10:39.121, 0, 55, 88.64 W, 74 %
2026/10/03 20:10:39.121, 1, 63, 119.94 W, 92 %
2026/10/03 20:10:39.121, 2, 51, 115.35 W, 64 %
2026/10/03 20:10:39.121, 3, 49, 86.79 W, 99 %
2026/10/03 20:10:41.122, 0, 55, 95.26 W, 99 %
2026/10/03 20:10:41.122, 1, 63, 122.09 W, 99 %
2026/10/03 20:10:41.122, 2, 52, 111.23 W, 99 %
2026/10/03 20:10:41.122, 3, 50, 85.68 W, 99 %
2026/10/03 20:10:43.122, 0, 55, 95.42 W, 99 %
2026/10/03 20:10:43.122, 1, 63, 121.97 W, 99 %
2026/10/03 20:10:43.122, 2, 52, 106.77 W, 99 %
2026/10/03 20:10:43.122, 3, 50, 87.75 W, 99 %
2026/10/03 20:10:45.122, 0, 54, 55.97 W, 0 %
2026/10/03 20:10:45.122, 1, 62, 67.40 W, 0 %
2026/10/03 20:10:45.122, 2, 50, 59.42 W, 0 %
2026/10/03 20:10:45.122, 3, 49, 48.69 W, 0 %
2026/10/03 20:10:47.123, 0, 55, 96.36 W, 99 %
2026/10/03 20:10:47.123, 1, 63, 115.46 W, 99 %
2026/10/03 20:10:47.123, 2, 51, 109.82 W, 99 %
2026/10/03 20:10:47.123, 3, 50, 87.11 W, 99 %
2026/10/03 20:10:49.123, 0, 56, 95.53 W, 99 %
2026/10/03 20:10:49.123, 1, 64, 115.16 W, 99 %
2026/10/03 20:10:49.123, 2, 52, 108.84 W, 99 %
2026/10/03 20:10:49.123, 3, 50, 84.86 W, 99 %
2026/10/03 20:10:51.123, 0, 54, 48.49 W, 0 %
2026/10/03 20:10:51.123, 1, 61, 52.71 W, 0 %
2026/10/03 20:10:51.124, 2, 49, 44.40 W, 0 %
2026/10/03 20:10:51.124, 3, 49, 43.09 W, 0 %
2026/10/03 20:10:53.124, 0, 55, 88.64 W, 99 %
2026/10/03 20:10:53.124, 1, 63, 109.82 W, 99 %
2026/10/03 20:10:53.124, 2, 52, 102.54 W, 99 %
2026/10/03 20:10:53.124, 3, 50, 80.41 W, 99 %
2026/10/03 20:10:55.124, 0, 54, 55.29 W, 0 %
2026/10/03 20:10:55.124, 1, 62, 67.21 W, 0 %
2026/10/03 20:10:55.124, 2, 50, 59.52 W, 0 %
2026/10/03 20:10:55.125, 3, 49, 48.58 W, 0 %
2026/10/03 20:10:57.125, 0, 53, 48.31 W, 0 %
2026/10/03 20:10:57.125, 1, 61, 50.58 W, 0 %
2026/10/03 20:10:57.125, 2, 49, 44.11 W, 0 %
2026/10/03 20:10:57.125, 3, 48, 42.82 W, 0 %
2026/10/03 20:10:59.125, 0, 55, 92.55 W, 99 %
2026/10/03 20:10:59.125, 1, 63, 115.42 W, 99 %
2026/10/03 20:10:59.125, 2, 51, 108.36 W, 99 %
2026/10/03 20:10:59.126, 3, 50, 83.98 W, 99 %
2026/10/03 20:11:01.126, 0, 56, 92.29 W, 99 %
2026/10/03 20:11:01.126, 1, 64, 111.38 W, 99 %
2026/10/03 20:11:01.126, 2, 52, 104.98 W, 99 %
2026/10/03 20:11:01.126, 3, 50, 82.13 W, 99 %
2026/10/03 20:11:03.126, 0, 56, 95.50 W, 99 %
2026/10/03 20:11:03.126, 1, 64, 115.71 W, 99 %
2026/10/03 20:11:03.126, 2, 52, 107.26 W, 99 %
2026/10/03 20:11:03.126, 3, 50, 84.30 W, 99 %
2026/10/03 20:11:05.127, 0, 56, 95.23 W, 99 %
2026/10/03 20:11:05.127, 1, 64, 116.36 W, 99 %
2026/10/03 20:11:05.127, 2, 53, 108.28 W, 99 %
2026/10/03 20:11:05.127, 3, 51, 86.93 W, 99 %
2026/10/03 20:11:07.127, 0, 56, 94.45 W, 99 %
2026/10/03 20:11:07.127, 1, 65, 119.67 W, 99 %
2026/10/03 20:11:07.127, 2, 53, 115.17 W, 99 %
2026/10/03 20:11:07.127, 3, 51, 83.42 W, 99 %
2026/10/03 20:11:09.128, 0, 54, 55.99 W, 0 %
2026/10/03 20:11:09.128, 1, 62, 68.16 W, 0 %
2026/10/03 20:11:09.128, 2, 51, 59.52 W, 0 %
2026/10/03 20:11:09.128, 3, 49, 48.77 W, 0 %
2026/10/03 20:11:11.128, 0, 56, 89.13 W, 99 %
2026/10/03 20:11:11.128, 1, 64, 112.70 W, 99 %
2026/10/03 20:11:11.128, 2, 53, 103.68 W, 99 %
2026/10/03 20:11:11.128, 3, 51, 84.32 W, 99 %
2026/10/03 20:11:13.129, 0, 56, 88.86 W, 99 %
2026/10/03 20:11:13.129, 1, 65, 112.17 W, 99 %
2026/10/03 20:11:13.129, 2, 53, 107.50 W, 99 %
2026/10/03 20:11:13.129, 3, 51, 76.71 W, 99 %
2026/10/03 20:11:15.129, 0, 55, 55.97 W, 0 %
2026/10/03 20:11:15.129, 1, 63, 68.07 W, 0 %
2026/10/03 20:11:15.129, 2, 51, 60.10 W, 0 %
2026/10/03 20:11:15.129, 3, 50, 48.68 W, 0 %
2026/10/03 20:11:17.129, 0, 56, 90.34 W, 99 %
2026/10/03 20:11:17.130, 1, 64, 119.43 W, 99 %
2026/10/03 20:11:17.130, 2, 53, 106.76 W, 99 %
2026/10/03 20:11:17.130, 3, 51, 83.69 W, 99 %
2026/10/03 20:11:19.130, 0, 56, 90.62 W, 99 %
2026/10/03 20:11:19.130, 1, 65, 114.44 W, 99 %
2026/10/03 20:11:19.130, 2, 54, 111.72 W, 99 %
2026/10/03 20:11:19.130, 3, 51, 85.00 W, 99 %
2026/10/03 20:11:21.130, 0, 55, 55.78 W, 0 %
2026/10/03 20:11:21.130, 1, 63, 68.84 W, 0 %
2026/10/03 20:11:21.130, 2, 52, 60.10 W, 0 %
2026/10/03 20:11:21.131, 3, 50, 49.08 W, 0 %
2026/10/03 20:11:23.131, 0, 54, 48.69 W, 0 %
2026/10/03 20:11:23.131, 1, 62, 51.45 W, 0 %
2026/10/03 20:11:23.131, 2, 50, 44.69 W, 0 %
2026/10/03 20:11:23.131, 3, 49, 43.09 W, 0 %
2026/10/03 20:11:25.131, 0, 54, 48.60 W, 0 %
2026/10/03 20:11:25.131, 1, 62, 51.07 W, 0 %
2026/10/03 20:11:25.131, 2, 50, 44.50 W, 0 %
2026/10/03 20:11:25.131, 3, 49, 43.01 W, 0 %
2026/10/03 20:11:27.132, 0, 57, 116.33 W, 99 %
2026/10/03 20:11:27.132, 1, 66, 141.06 W, 99 %
2026/10/03 20:11:27.132, 2, 55, 116.06 W, 99 %
2026/10/03 20:11:27.132, 3, 52, 100.60 W, 98 %
2026/10/03 20:11:29.132, 0, 57, 114.53 W, 98 %
2026/10/03 20:11:29.132, 1, 66, 120.24 W, 99 %
2026/10/03 20:11:29.132, 2, 55, 110.83 W, 99 %
2026/10/03 20:11:29.132, 3, 52, 84.16 W, 98 %
2026/10/03 20:11:31.133, 0, 57, 94.36 W, 99 %
2026/10/03 20:11:31.133, 1, 66, 121.53 W, 99 %
2026/10/03 20:11:31.133, 2, 54, 106.85 W, 99 %
2026/10/03 20:11:31.133, 3, 52, 84.25 W, 99 %
2026/10/03 20:11:33.133, 0, 57, 93.80 W, 99 %
2026/10/03 20:11:33.133, 1, 66, 124.45 W, 99 %
2026/10/03 20:11:33.133, 2, 55, 115.73 W, 99 %
2026/10/03 20:11:33.133, 3, 52, 87.24 W, 99 %
2026/10/03 20:11:35.133, 0, 59, 129.48 W, 99 %
2026/10/03 20:11:35.133, 1, 67, 138.65 W, 99 %
2026/10/03 20:11:35.134, 2, 56, 137.33 W, 99 %
2026/10/03 20:11:35.134, 3, 53, 108.81 W, 98 %
2026/10/03 20:11:37.134, 0, 59, 125.76 W, 99 %
2026/10/03 20:11:37.134, 1, 67, 137.20 W, 99 %
2026/10/03 20:11:37.134, 2, 56, 142.37 W, 99 %
2026/10/03 20:11:37.134, 3, 53, 110.50 W, 98 %
2026/10/03 20:11:39.134, 0, 59, 123.70 W, 99 %
2026/10/03 20:11:39.134, 1, 68, 139.47 W, 99 %
2026/10/03 20:11:39.134, 2, 57, 143.22 W, 99 %
2026/10/03 20:11:39.134, 3, 53, 104.00 W, 98 %
2026/10/03 20:11:41.135, 0, 58, 91.37 W, 99 %
2026/10/03 20:11:41.135, 1, 67, 114.69 W, 99 %
2026/10/03 20:11:41.135, 2, 56, 111.52 W, 99 %
2026/10/03 20:11:41.135, 3, 53, 80.40 W, 99 %
2026/10/03 20:11:43.135, 0, 58, 94.60 W, 99 %
2026/10/03 20:11:43.135, 1, 67, 118.99 W, 99 %
2026/10/03 20:11:43.135, 2, 56, 115.68 W, 99 %
2026/10/03 20:11:43.135, 3, 53, 88.05 W, 99 %
2026/10/03 20:11:45.135, 0, 56, 49.92 W, 0 %
2026/10/03 20:11:45.135, 1, 65, 53.87 W, 0 %
2026/10/03 20:11:45.135, 2, 53, 46.13 W, 0 %
2026/10/03 20:11:45.135, 3, 51, 44.06 W, 0 %
